-node test_hash.ts(2,21): error TS1127: Invalid character.
-node test_hash.ts(2,24): error TS1127: Invalid character.
-node test_hash.ts(2,27): error TS1127: Invalid character.
-node test_hash.ts(2,30): error TS1127: Invalid character.
-node test_hash.ts(2,33): error TS1127: Invalid character.
-node test_hash.ts(2,36): error TS1127: Invalid character.
-node test_hash.ts(2,39): error TS1127: Invalid character.
-node test_hash.ts(2,40): error TS1434: Unexpected keyword or identifier.
-node test_hash.ts(2,43): error TS1127: Invalid character.
-node test_hash.ts(2,46): error TS1127: Invalid character.
-node test_hash.ts(2,47): error TS1434: Unexpected keyword or identifier.
-node test_hash.ts(2,50): error TS1127: Invalid character.
-node test_hash.ts(2,53): error TS1127: Invalid character.
-node test_hash.ts(2,56): error TS1127: Invalid character.
-node test_hash.ts(2,59): error TS1127: Invalid character.
-node test_hash.ts(2,60): error TS1434: Unexpected keyword or identifier.
-node test_hash.ts(2,63): error TS1127: Invalid character.
-node test_hash.ts(2,66): error TS1127: Invalid character.
-node test_hash.ts(2,69): error TS1127: Invalid character.
-node test_hash.ts(2,72): error TS1127: Invalid character.
-node test_hash.ts(2,75): error TS1127: Invalid character.
-node test_hash.ts(2,78): error TS1127: Invalid character.
-node test_hash.ts(2,81): error TS1127: Invalid character.
-node test_hash.ts(2,84): error TS1127: Invalid character.
-node test_hash.ts(4,7): error TS1434: Unexpected keyword or identifier.
-node test_hash.ts(4,16): error TS1434: Unexpected keyword or identifier.
-node test_hash.ts(4,28): error TS1005: '(' expected.
-node test_hash.ts(4,34): error TS1005: ')' expected.
-node test_hash.ts(4,37): error TS1434: Unexpected keyword or identifier.
-node test_hash.ts(4,46): error TS1434: Unexpected keyword or identifier.
-node test_hash.ts(4,49): error TS1434: Unexpected keyword or identifier.
-node test_hash.ts(4,60): error TS1127: Invalid character.
-node test_hash.ts(4,63): error TS1003: Identifier expected.
-node test_hash.ts(5,28): error TS1005: ';' expected.
-node test_hash.ts(5,37): error TS1434: Unexpected keyword or identifier.
-node test_hash.ts(5,41): error TS1434: Unexpected keyword or identifier.
-node test_hash.ts(5,53): error TS1005: '(' expected.
-node test_hash.ts(5,54): error TS1127: Invalid character.
-node test_hash.ts(5,55): error TS1434: Unexpected keyword or identifier.
-node test_hash.ts(5,57): error TS1228: A type predicate is only allowed in return type position for functions and methods.
-node test_hash.ts(5,66): error TS1003: Identifier expected.
-node test_hash.ts(6,7): error TS1434: Unexpected keyword or identifier.
-node test_hash.ts(6,9): error TS1434: Unexpected keyword or identifier.
-node test_hash.ts(6,13): error TS1434: Unexpected keyword or identifier.
-node test_hash.ts(6,22): error TS1434: Unexpected keyword or identifier.
-node test_hash.ts(6,25): error TS1434: Unexpected keyword or identifier.
-node test_hash.ts(6,27): error TS1434: Unexpected keyword or identifier.
-node test_hash.ts(6,33): error TS1434: Unexpected keyword or identifier.
-node test_hash.ts(6,43): error TS1434: Unexpected keyword or identifier.
-node test_hash.ts(6,47): error TS1434: Unexpected keyword or identifier.
-node test_hash.ts(6,65): error TS1005: ';' expected.
-node test_hash.ts(6,75): error TS1003: Identifier expected.
-node test_hash.ts(8,3): error TS1434: Unexpected keyword or identifier.
-node test_hash.ts(8,6): error TS1434: Unexpected keyword or identifier.
-node test_hash.ts(8,24): error TS1434: Unexpected keyword or identifier.
-node test_hash.ts(8,37): error TS1005: ';' expected.
-node test_hash.ts(9,6): error TS1005: ';' expected.
-node test_hash.ts(9,7): error TS1434: Unexpected keyword or identifier.
-node test_hash.ts(9,14): error TS1434: Unexpected keyword or identifier.
-node test_hash.ts(9,17): error TS1434: Unexpected keyword or identifier.
-node test_hash.ts(10,2): error TS1003: Identifier expected.
-node test_hash.ts(10,4): error TS1109: Expression expected.
-node test_hash.ts(10,6): error TS1109: Expression expected.
-node test_hash.ts(10,8): error TS1109: Expression expected.
-node test_hash.ts(10,10): error TS1109: Expression expected.
-node test_hash.ts(10,12): error TS1109: Expression expected.
-node test_hash.ts(10,14): error TS1109: Expression expected.
-node test_hash.ts(10,16): error TS1109: Expression expected.
-node test_hash.ts(10,18): error TS1109: Expression expected.
-node test_hash.ts(10,20): error TS1109: Expression expected.
-node test_hash.ts(10,22): error TS1109: Expression expected.
-node test_hash.ts(10,24): error TS1109: Expression expected.
-node test_hash.ts(10,26): error TS1109: Expression expected.
-node test_hash.ts(10,28): error TS1109: Expression expected.
-node test_hash.ts(10,30): error TS1109: Expression expected.
-node test_hash.ts(10,32): error TS1109: Expression expected.
-node test_hash.ts(10,34): error TS1109: Expression expected.
-node test_hash.ts(10,36): error TS1109: Expression expected.
-node test_hash.ts(10,38): error TS1109: Expression expected.
-node test_hash.ts(10,40): error TS1109: Expression expected.
-node test_hash.ts(10,42): error TS1109: Expression expected.
-node test_hash.ts(10,44): error TS1109: Expression expected.
-node test_hash.ts(10,46): error TS1109: Expression expected.
-node test_hash.ts(10,48): error TS1109: Expression expected.
-node test_hash.ts(10,50): error TS1109: Expression expected.
-node test_hash.ts(10,52): error TS1109: Expression expected.
-node test_hash.ts(10,54): error TS1109: Expression expected.
-node test_hash.ts(10,56): error TS1109: Expression expected.
-node test_hash.ts(10,58): error TS1109: Expression expected.
-node test_hash.ts(10,60): error TS1109: Expression expected.
-node test_hash.ts(10,62): error TS1109: Expression expected.
-node test_hash.ts(10,64): error TS1109: Expression expected.
-node test_hash.ts(10,66): error TS1109: Expression expected.
-node test_hash.ts(10,68): error TS1109: Expression expected.
-node test_hash.ts(10,70): error TS1109: Expression expected.
-node test_hash.ts(10,72): error TS1109: Expression expected.
-node test_hash.ts(10,74): error TS1109: Expression expected.
-node test_hash.ts(10,76): error TS1109: Expression expected.
-node test_hash.ts(12,29): error TS1127: Invalid character.
-node test_hash.ts(12,32): error TS1127: Invalid character.
-node test_hash.ts(12,35): error TS1127: Invalid character.
-node test_hash.ts(12,38): error TS1127: Invalid character.
-node test_hash.ts(12,41): error TS1127: Invalid character.
-node test_hash.ts(12,44): error TS1127: Invalid character.
-node test_hash.ts(14,10): error TS1005: ';' expected.
-node test_hash.ts(14,17): error TS1005: ';' expected.
-node test_hash.ts(14,33): error TS1005: ';' expected.
-node test_hash.ts(14,48): error TS1005: ',' expected.
-node test_hash.ts(14,49): error TS1127: Invalid character.
-node test_hash.ts(14,52): error TS1005: ',' expected.
-node test_hash.ts(15,10): error TS1005: ';' expected.
-node test_hash.ts(15,33): error TS1005: ';' expected.
-node test_hash.ts(15,48): error TS1005: ',' expected.
-node test_hash.ts(15,49): error TS1127: Invalid character.
-node test_hash.ts(15,52): error TS1005: ',' expected.
-node test_hash.ts(16,14): error TS1005: ';' expected.
-node test_hash.ts(16,33): error TS1005: ';' expected.
-node test_hash.ts(16,48): error TS1005: ',' expected.
-node test_hash.ts(16,49): error TS1127: Invalid character.
-node test_hash.ts(16,52): error TS1005: ',' expected.
-node test_hash.ts(17,10): error TS1005: ';' expected.
-node test_hash.ts(17,33): error TS1005: ';' expected.
-node test_hash.ts(17,48): error TS1005: ',' expected.
-node test_hash.ts(17,49): error TS1127: Invalid character.
-node test_hash.ts(17,52): error TS1005: ',' expected.
-node test_hash.ts(18,33): error TS1005: ';' expected.
-node test_hash.ts(18,49): error TS1005: ',' expected.
-node test_hash.ts(18,53): error TS1005: ',' expected.
-node test_hash.ts(18,60): error TS1005: ',' expected.
-node test_hash.ts(18,63): error TS1005: ',' expected.
-node test_hash.ts(18,64): error TS1127: Invalid character.
-node test_hash.ts(19,33): error TS1005: ';' expected.
-node test_hash.ts(19,49): error TS1005: ',' expected.
-node test_hash.ts(19,53): error TS1005: ',' expected.
-node test_hash.ts(19,60): error TS1005: ',' expected.
-node test_hash.ts(19,63): error TS1005: ',' expected.
-node test_hash.ts(19,64): error TS1127: Invalid character.
-node test_hash.ts(20,33): error TS1005: ';' expected.
-node test_hash.ts(20,49): error TS1005: ';' expected.
-node test_hash.ts(20,49): error TS1434: Unexpected keyword or identifier.
-node test_hash.ts(20,75): error TS1002: Unterminated string literal.
-node test_hash.ts(21,33): error TS1005: ';' expected.
-node test_hash.ts(21,54): error TS1005: ',' expected.
-node test_hash.ts(21,58): error TS1005: ',' expected.
-node test_hash.ts(21,70): error TS1005: ',' expected.
-node test_hash.ts(21,73): error TS1005: ',' expected.
-node test_hash.ts(21,74): error TS1127: Invalid character.
-node test_hash.ts(22,33): error TS1005: ';' expected.
-node test_hash.ts(22,54): error TS1005: ',' expected.
-node test_hash.ts(22,58): error TS1005: ',' expected.
-node test_hash.ts(22,70): error TS1005: ',' expected.
-node test_hash.ts(22,73): error TS1005: ',' expected.
-node test_hash.ts(22,74): error TS1127: Invalid character.
-node test_hash.ts(23,7): error TS1109: Expression expected.
-node test_hash.ts(23,30): error TS1005: ';' expected.
-node test_hash.ts(23,34): error TS1434: Unexpected keyword or identifier.
-node test_hash.ts(23,39): error TS1434: Unexpected keyword or identifier.
-node test_hash.ts(23,56): error TS1005: ',' expected.
-node test_hash.ts(23,57): error TS1127: Invalid character.
-node test_hash.ts(23,60): error TS1005: ',' expected.
-node test_hash.ts(24,30): error TS1005: ')' expected.
-node test_hash.ts(24,34): error TS1434: Unexpected keyword or identifier.
-node test_hash.ts(24,39): error TS1434: Unexpected keyword or identifier.
-node test_hash.ts(24,56): error TS1005: ',' expected.
-node test_hash.ts(24,57): error TS1127: Invalid character.
-node test_hash.ts(24,60): error TS1005: ',' expected.
-node test_hash.ts(25,7): error TS1109: Expression expected.
-node test_hash.ts(25,10): error TS1109: Expression expected.
-node test_hash.ts(25,24): error TS1005: ';' expected.
-node test_hash.ts(25,30): error TS1434: Unexpected keyword or identifier.
-node test_hash.ts(25,33): error TS1434: Unexpected keyword or identifier.
-node test_hash.ts(25,38): error TS1434: Unexpected keyword or identifier.
-node test_hash.ts(26,10): error TS1136: Property assignment expected.
-node test_hash.ts(26,24): error TS1005: ';' expected.
-node test_hash.ts(26,30): error TS1434: Unexpected keyword or identifier.
-node test_hash.ts(26,33): error TS1434: Unexpected keyword or identifier.
-node test_hash.ts(26,46): error TS1003: Identifier expected.
-node test_hash.ts(27,3): error TS1434: Unexpected keyword or identifier.
-node test_hash.ts(27,24): error TS1434: Unexpected keyword or identifier.
-node test_hash.ts(27,41): error TS1434: Unexpected keyword or identifier.
-node test_hash.ts(28,24): error TS1005: ';' expected.
-node test_hash.ts(28,29): error TS1434: Unexpected keyword or identifier.
-node test_hash.ts(28,31): error TS1434: Unexpected keyword or identifier.
-node test_hash.ts(28,35): error TS1434: Unexpected keyword or identifier.
-node test_hash.ts(28,40): error TS1434: Unexpected keyword or identifier.
-node test_hash.ts(28,45): error TS1434: Unexpected keyword or identifier.
-node test_hash.ts(28,52): error TS1434: Unexpected keyword or identifier.
-node test_hash.ts(28,60): error TS1228: A type predicate is only allowed in return type position for functions and methods.
-node test_hash.ts(29,24): error TS1005: ';' expected.
-node test_hash.ts(29,39): error TS1003: Identifier expected.
-node test_hash.ts(30,3): error TS1434: Unexpected keyword or identifier.
-node test_hash.ts(30,24): error TS1434: Unexpected keyword or identifier.
-node test_hash.ts(30,51): error TS1005: ';' expected.
-node test_hash.ts(31,9): error TS1003: Identifier expected.
-node test_hash.ts(31,11): error TS1109: Expression expected.
-node test_hash.ts(31,13): error TS1109: Expression expected.
-node test_hash.ts(31,15): error TS1109: Expression expected.
-node test_hash.ts(31,17): error TS1109: Expression expected.
-node test_hash.ts(31,19): error TS1109: Expression expected.
-node test_hash.ts(31,21): error TS1109: Expression expected.
-node test_hash.ts(31,23): error TS1109: Expression expected.
-node test_hash.ts(31,25): error TS1109: Expression expected.
-node test_hash.ts(31,27): error TS1109: Expression expected.
-node test_hash.ts(31,29): error TS1109: Expression expected.
-node test_hash.ts(31,31): error TS1109: Expression expected.
-node test_hash.ts(31,33): error TS1109: Expression expected.
-node test_hash.ts(31,35): error TS1109: Expression expected.
-node test_hash.ts(31,37): error TS1109: Expression expected.
-node test_hash.ts(31,39): error TS1109: Expression expected.
-node test_hash.ts(31,41): error TS1109: Expression expected.
-node test_hash.ts(31,43): error TS1109: Expression expected.
-node test_hash.ts(31,45): error TS1109: Expression expected.
-node test_hash.ts(31,47): error TS1109: Expression expected.
-node test_hash.ts(31,49): error TS1109: Expression expected.
-node test_hash.ts(31,51): error TS1109: Expression expected.
-node test_hash.ts(31,53): error TS1109: Expression expected.
-node test_hash.ts(31,55): error TS1109: Expression expected.
-node test_hash.ts(31,57): error TS1109: Expression expected.
-node test_hash.ts(31,59): error TS1109: Expression expected.
-node test_hash.ts(32,17): error TS1005: ';' expected.
-node test_hash.ts(32,26): error TS1005: ';' expected.
-node test_hash.ts(32,29): error TS1434: Unexpected keyword or identifier.
-node test_hash.ts(32,33): error TS1434: Unexpected keyword or identifier.
-node test_hash.ts(33,17): error TS1005: ';' expected.
-node test_hash.ts(33,31): error TS1005: ';' expected.
-node test_hash.ts(33,34): error TS1434: Unexpected keyword or identifier.
-node test_hash.ts(33,39): error TS1434: Unexpected keyword or identifier.
-node test_hash.ts(33,42): error TS1434: Unexpected keyword or identifier.
-node test_hash.ts(33,46): error TS1434: Unexpected keyword or identifier.
-node test_hash.ts(34,2): error TS1003: Identifier expected.
-node test_hash.ts(34,4): error TS1109: Expression expected.
-node test_hash.ts(34,6): error TS1109: Expression expected.
-node test_hash.ts(34,8): error TS1109: Expression expected.
-node test_hash.ts(34,10): error TS1109: Expression expected.
-node test_hash.ts(34,12): error TS1109: Expression expected.
-node test_hash.ts(34,14): error TS1109: Expression expected.
-node test_hash.ts(34,16): error TS1109: Expression expected.
-node test_hash.ts(34,18): error TS1109: Expression expected.
-node test_hash.ts(34,20): error TS1109: Expression expected.
-node test_hash.ts(34,22): error TS1109: Expression expected.
-node test_hash.ts(34,24): error TS1109: Expression expected.
-node test_hash.ts(34,26): error TS1109: Expression expected.
-node test_hash.ts(34,28): error TS1109: Expression expected.
-node test_hash.ts(34,30): error TS1109: Expression expected.
-node test_hash.ts(34,32): error TS1109: Expression expected.
-node test_hash.ts(34,34): error TS1109: Expression expected.
-node test_hash.ts(34,36): error TS1109: Expression expected.
-node test_hash.ts(34,38): error TS1109: Expression expected.
-node test_hash.ts(34,40): error TS1109: Expression expected.
-node test_hash.ts(34,42): error TS1109: Expression expected.
-node test_hash.ts(34,44): error TS1109: Expression expected.
-node test_hash.ts(34,46): error TS1109: Expression expected.
-node test_hash.ts(34,48): error TS1109: Expression expected.
-node test_hash.ts(34,50): error TS1109: Expression expected.
-node test_hash.ts(34,52): error TS1109: Expression expected.
-node test_hash.ts(34,54): error TS1109: Expression expected.
-node test_hash.ts(34,56): error TS1109: Expression expected.
-node test_hash.ts(34,58): error TS1109: Expression expected.
-node test_hash.ts(34,60): error TS1109: Expression expected.
-node test_hash.ts(34,62): error TS1109: Expression expected.
-node test_hash.ts(34,64): error TS1109: Expression expected.
-node test_hash.ts(34,66): error TS1109: Expression expected.
-node test_hash.ts(34,68): error TS1109: Expression expected.
-node test_hash.ts(34,70): error TS1109: Expression expected.
-node test_hash.ts(34,72): error TS1109: Expression expected.
-node test_hash.ts(34,74): error TS1109: Expression expected.
-node test_hash.ts(34,76): error TS1109: Expression expected.
-node test_hash.ts(36,28): error TS1127: Invalid character.
-node test_hash.ts(36,31): error TS1127: Invalid character.
-node test_hash.ts(36,34): error TS1127: Invalid character.
-node test_hash.ts(36,37): error TS1127: Invalid character.
-node test_hash.ts(36,40): error TS1127: Invalid character.
-node test_hash.ts(36,43): error TS1127: Invalid character.
-node test_hash.ts(36,46): error TS1127: Invalid character.
-node test_hash.ts(36,49): error TS1127: Invalid character.
-node test_hash.ts(36,52): error TS1127: Invalid character.
-node test_hash.ts(38,5): error TS1127: Invalid character.
-node test_hash.ts(38,8): error TS1127: Invalid character.
-node test_hash.ts(38,11): error TS1127: Invalid character.
-node test_hash.ts(38,14): error TS1127: Invalid character.
-node test_hash.ts(38,17): error TS1127: Invalid character.
-node test_hash.ts(38,20): error TS1127: Invalid character.
-node test_hash.ts(38,23): error TS1127: Invalid character.
-node test_hash.ts(38,45): error TS1005: ';' expected.
-node test_hash.ts(38,59): error TS1127: Invalid character.
-node test_hash.ts(38,64): error TS1005: ';' expected.
-node test_hash.ts(38,66): error TS1434: Unexpected keyword or identifier.
-node test_hash.ts(39,3): error TS1003: Identifier expected.
-node test_hash.ts(39,5): error TS1127: Invalid character.
-node test_hash.ts(39,8): error TS1127: Invalid character.
-node test_hash.ts(39,11): error TS1127: Invalid character.
-node test_hash.ts(39,14): error TS1127: Invalid character.
-node test_hash.ts(39,17): error TS1127: Invalid character.
-node test_hash.ts(39,20): error TS1127: Invalid character.
-node test_hash.ts(39,23): error TS1127: Invalid character.
-node test_hash.ts(39,45): error TS1005: ';' expected.
-node test_hash.ts(39,60): error TS1127: Invalid character.
-node test_hash.ts(39,65): error TS1005: ';' expected.
-node test_hash.ts(39,67): error TS1434: Unexpected keyword or identifier.
-node test_hash.ts(40,31): error TS1005: ';' expected.
-node test_hash.ts(40,48): error TS1135: Argument expression expected.
-node test_hash.ts(40,52): error TS1005: '(' expected.
-node test_hash.ts(40,53): error TS1127: Invalid character.
-node test_hash.ts(40,59): error TS1005: ';' expected.
-node test_hash.ts(40,69): error TS1128: Declaration or statement expected.
-node test_hash.ts(40,70): error TS1128: Declaration or statement expected.
-node test_hash.ts(41,31): error TS1005: ';' expected.
-node test_hash.ts(41,58): error TS1005: ';' expected.
-node test_hash.ts(42,31): error TS1005: ';' expected.
-node test_hash.ts(42,57): error TS1005: ';' expected.
-node test_hash.ts(43,31): error TS1005: ';' expected.
-node test_hash.ts(43,56): error TS1005: ';' expected.
-node test_hash.ts(43,61): error TS1003: Identifier expected.
-node test_hash.ts(43,72): error TS1005: ';' expected.
-node test_hash.ts(44,24): error TS1005: ';' expected.
-node test_hash.ts(44,38): error TS1005: ';' expected.
-node test_hash.ts(45,24): error TS1005: ';' expected.
-node test_hash.ts(45,30): error TS1434: Unexpected keyword or identifier.
-node test_hash.ts(46,3): error TS1003: Identifier expected.
-node test_hash.ts(46,5): error TS1127: Invalid character.
-node test_hash.ts(46,8): error TS1127: Invalid character.
-node test_hash.ts(46,11): error TS1127: Invalid character.
-node test_hash.ts(46,14): error TS1127: Invalid character.
-node test_hash.ts(46,17): error TS1127: Invalid character.
-node test_hash.ts(46,20): error TS1127: Invalid character.
-node test_hash.ts(46,23): error TS1127: Invalid character.
-node test_hash.ts(46,46): error TS1005: ';' expected.
-node test_hash.ts(46,51): error TS1434: Unexpected keyword or identifier.
-node test_hash.ts(47,9): error TS1003: Identifier expected.
-node test_hash.ts(47,11): error TS1109: Expression expected.
-node test_hash.ts(47,13): error TS1109: Expression expected.
-node test_hash.ts(47,15): error TS1109: Expression expected.
-node test_hash.ts(47,17): error TS1109: Expression expected.
-node test_hash.ts(47,19): error TS1109: Expression expected.
-node test_hash.ts(47,21): error TS1109: Expression expected.
-node test_hash.ts(47,23): error TS1109: Expression expected.
-node test_hash.ts(47,25): error TS1109: Expression expected.
-node test_hash.ts(47,27): error TS1109: Expression expected.
-node test_hash.ts(47,29): error TS1109: Expression expected.
-node test_hash.ts(47,31): error TS1109: Expression expected.
-node test_hash.ts(47,33): error TS1109: Expression expected.
-node test_hash.ts(47,35): error TS1109: Expression expected.
-node test_hash.ts(47,37): error TS1109: Expression expected.
-node test_hash.ts(47,39): error TS1109: Expression expected.
-node test_hash.ts(47,41): error TS1109: Expression expected.
-node test_hash.ts(47,43): error TS1109: Expression expected.
-node test_hash.ts(47,45): error TS1109: Expression expected.
-node test_hash.ts(47,47): error TS1109: Expression expected.
-node test_hash.ts(47,49): error TS1109: Expression expected.
-node test_hash.ts(47,51): error TS1109: Expression expected.
-node test_hash.ts(47,53): error TS1109: Expression expected.
-node test_hash.ts(47,55): error TS1109: Expression expected.
-node test_hash.ts(47,57): error TS1109: Expression expected.
-node test_hash.ts(47,59): error TS1109: Expression expected.
-node test_hash.ts(48,11): error TS1005: ';' expected.
-node test_hash.ts(48,18): error TS1434: Unexpected keyword or identifier.
-node test_hash.ts(48,26): error TS1434: Unexpected keyword or identifier.
-node test_hash.ts(48,30): error TS1434: Unexpected keyword or identifier.
-node test_hash.ts(48,41): error TS1005: '(' expected.
-node test_hash.ts(48,45): error TS1005: ')' expected.
-node test_hash.ts(48,48): error TS1434: Unexpected keyword or identifier.
-node test_hash.ts(49,9): error TS1109: Expression expected.
-node test_hash.ts(49,12): error TS1005: ';' expected.
-node test_hash.ts(49,18): error TS1005: ';' expected.
-node test_hash.ts(49,29): error TS1005: '(' expected.
-node test_hash.ts(49,42): error TS1005: ';' expected.
-node test_hash.ts(50,9): error TS1003: Identifier expected.
-node test_hash.ts(50,12): error TS1005: ';' expected.
-node test_hash.ts(50,25): error TS1005: ')' expected.
-node test_hash.ts(50,46): error TS1005: ',' expected.
-node test_hash.ts(50,51): error TS1005: ',' expected.
-node test_hash.ts(50,55): error TS1005: ',' expected.
-node test_hash.ts(50,58): error TS1005: ',' expected.
-node test_hash.ts(51,9): error TS1003: Identifier expected.
-node test_hash.ts(51,12): error TS1005: ';' expected.
-node test_hash.ts(51,23): error TS1146: Declaration expected.
-node test_hash.ts(51,24): error TS1434: Unexpected keyword or identifier.
-node test_hash.ts(51,31): error TS1434: Unexpected keyword or identifier.
-node test_hash.ts(51,34): error TS1434: Unexpected keyword or identifier.
-node test_hash.ts(51,46): error TS1135: Argument expression expected.
-node test_hash.ts(51,50): error TS1005: '(' expected.
-node test_hash.ts(51,51): error TS1005: ';' expected.
-node test_hash.ts(51,53): error TS1434: Unexpected keyword or identifier.
-node test_hash.ts(51,56): error TS1434: Unexpected keyword or identifier.
-node test_hash.ts(51,67): error TS1135: Argument expression expected.
-node test_hash.ts(51,71): error TS1005: '(' expected.
-node test_hash.ts(51,72): error TS1109: Expression expected.
-node test_hash.ts(51,73): error TS1109: Expression expected.
-node test_hash.ts(52,9): error TS1003: Identifier expected.
-node test_hash.ts(52,18): error TS1005: ';' expected.
-node test_hash.ts(52,41): error TS1005: ';' expected.
-node test_hash.ts(52,41): error TS1434: Unexpected keyword or identifier.
-node test_hash.ts(52,68): error TS1002: Unterminated string literal.
-node test_hash.ts(53,18): error TS1005: ';' expected.
-node test_hash.ts(53,18): error TS1434: Unexpected keyword or identifier.
-node test_hash.ts(53,48): error TS1002: Unterminated string literal.
-node test_hash.ts(54,18): error TS1005: ';' expected.
-node test_hash.ts(54,23): error TS1434: Unexpected keyword or identifier.
-node test_hash.ts(54,33): error TS1005: '(' expected.
-node test_hash.ts(54,36): error TS1005: ')' expected.
-node test_hash.ts(55,2): error TS1003: Identifier expected.
-node test_hash.ts(55,4): error TS1109: Expression expected.
-node test_hash.ts(55,6): error TS1109: Expression expected.
-node test_hash.ts(55,8): error TS1109: Expression expected.
-node test_hash.ts(55,10): error TS1109: Expression expected.
-node test_hash.ts(55,12): error TS1109: Expression expected.
-node test_hash.ts(55,14): error TS1109: Expression expected.
-node test_hash.ts(55,16): error TS1109: Expression expected.
-node test_hash.ts(55,18): error TS1109: Expression expected.
-node test_hash.ts(55,20): error TS1109: Expression expected.
-node test_hash.ts(55,22): error TS1109: Expression expected.
-node test_hash.ts(55,24): error TS1109: Expression expected.
-node test_hash.ts(55,26): error TS1109: Expression expected.
-node test_hash.ts(55,28): error TS1109: Expression expected.
-node test_hash.ts(55,30): error TS1109: Expression expected.
-node test_hash.ts(55,32): error TS1109: Expression expected.
-node test_hash.ts(55,34): error TS1109: Expression expected.
-node test_hash.ts(55,36): error TS1109: Expression expected.
-node test_hash.ts(55,38): error TS1109: Expression expected.
-node test_hash.ts(55,40): error TS1109: Expression expected.
-node test_hash.ts(55,42): error TS1109: Expression expected.
-node test_hash.ts(55,44): error TS1109: Expression expected.
-node test_hash.ts(55,46): error TS1109: Expression expected.
-node test_hash.ts(55,48): error TS1109: Expression expected.
-node test_hash.ts(55,50): error TS1109: Expression expected.
-node test_hash.ts(55,52): error TS1109: Expression expected.
-node test_hash.ts(55,54): error TS1109: Expression expected.
-node test_hash.ts(55,56): error TS1109: Expression expected.
-node test_hash.ts(55,58): error TS1109: Expression expected.
-node test_hash.ts(55,60): error TS1109: Expression expected.
-node test_hash.ts(55,62): error TS1109: Expression expected.
-node test_hash.ts(55,64): error TS1109: Expression expected.
-node test_hash.ts(55,66): error TS1109: Expression expected.
-node test_hash.ts(55,68): error TS1109: Expression expected.
-node test_hash.ts(55,70): error TS1109: Expression expected.
-node test_hash.ts(55,72): error TS1109: Expression expected.
-node test_hash.ts(55,74): error TS1109: Expression expected.
-node test_hash.ts(55,76): error TS1109: Expression expected.
-node test_hash.ts(57,29): error TS1127: Invalid character.
-node test_hash.ts(57,32): error TS1127: Invalid character.
-node test_hash.ts(57,35): error TS1127: Invalid character.
-node test_hash.ts(57,38): error TS1127: Invalid character.
-node test_hash.ts(57,41): error TS1127: Invalid character.
-node test_hash.ts(57,44): error TS1127: Invalid character.
-node test_hash.ts(57,47): error TS1127: Invalid character.
-node test_hash.ts(59,24): error TS1005: '>' expected.
-node test_hash.ts(59,27): error TS1005: ';' expected.
-node test_hash.ts(59,30): error TS1434: Unexpected keyword or identifier.
-node test_hash.ts(59,53): error TS1005: ',' expected.
-node test_hash.ts(59,58): error TS1005: ',' expected.
-node test_hash.ts(59,59): error TS1127: Invalid character.
-node test_hash.ts(60,13): error TS1109: Expression expected.
-node test_hash.ts(60,21): error TS1109: Expression expected.
-node test_hash.ts(60,27): error TS1005: ';' expected.
-node test_hash.ts(60,30): error TS1434: Unexpected keyword or identifier.
-node test_hash.ts(60,52): error TS1005: ',' expected.
-node test_hash.ts(60,57): error TS1005: ',' expected.
-node test_hash.ts(60,58): error TS1127: Invalid character.
-node test_hash.ts(61,21): error TS1109: Expression expected.
-node test_hash.ts(61,27): error TS1005: ';' expected.
-node test_hash.ts(61,30): error TS1434: Unexpected keyword or identifier.
-node test_hash.ts(61,40): error TS1434: Unexpected keyword or identifier.
-node test_hash.ts(61,52): error TS1005: ',' expected.
-node test_hash.ts(61,53): error TS1127: Invalid character.
-node test_hash.ts(61,56): error TS1005: ',' expected.
-node test_hash.ts(61,64): error TS1005: ',' expected.
-node test_hash.ts(61,69): error TS1005: ',' expected.
-node test_hash.ts(62,27): error TS1005: ';' expected.
-node test_hash.ts(62,36): error TS1127: Invalid character.
-node test_hash.ts(62,43): error TS1005: ';' expected.
-node test_hash.ts(63,27): error TS1005: ';' expected.
-node test_hash.ts(63,36): error TS1127: Invalid character.
-node test_hash.ts(63,43): error TS1005: ';' expected.
-node test_hash.ts(64,3): error TS1003: Identifier expected.
-node test_hash.ts(64,21): error TS1109: Expression expected.
-node test_hash.ts(64,29): error TS1005: ',' expected.
-node test_hash.ts(64,35): error TS1005: ',' expected.
-node test_hash.ts(64,43): error TS1005: ',' expected.
-node test_hash.ts(64,45): error TS1128: Declaration or statement expected.
-node test_hash.ts(64,47): error TS1128: Declaration or statement expected.
-node test_hash.ts(64,48): error TS1128: Declaration or statement expected.
-node test_hash.ts(65,3): error TS1128: Declaration or statement expected.
-node test_hash.ts(65,6): error TS1128: Declaration or statement expected.
-node test_hash.ts(65,9): error TS1128: Declaration or statement expected.
-node test_hash.ts(65,21): error TS1109: Expression expected.
-node test_hash.ts(65,29): error TS1005: ';' expected.
-node test_hash.ts(65,34): error TS1434: Unexpected keyword or identifier.
-node test_hash.ts(65,47): error TS1109: Expression expected.
-node test_hash.ts(66,7): error TS1109: Expression expected.
-node test_hash.ts(66,10): error TS1005: ',' expected.
-node test_hash.ts(66,11): error TS1127: Invalid character.
-node test_hash.ts(66,14): error TS1127: Invalid character.
-node test_hash.ts(66,17): error TS1127: Invalid character.
-node test_hash.ts(66,19): error TS6188: Numeric separators are not allowed here.
-node test_hash.ts(66,20): error TS1127: Invalid character.
-node test_hash.ts(66,21): error TS1109: Expression expected.
-node test_hash.ts(66,24): error TS1127: Invalid character.
-node test_hash.ts(66,27): error TS1127: Invalid character.
-node test_hash.ts(66,30): error TS1127: Invalid character.
-node test_hash.ts(66,32): error TS6188: Numeric separators are not allowed here.
-node test_hash.ts(66,33): error TS1127: Invalid character.
-node test_hash.ts(66,34): error TS1109: Expression expected.
-node test_hash.ts(66,37): error TS1109: Expression expected.
-node test_hash.ts(66,45): error TS1005: ',' expected.
-node test_hash.ts(66,51): error TS1005: ',' expected.
-node test_hash.ts(66,59): error TS1005: ',' expected.
-node test_hash.ts(66,60): error TS1127: Invalid character.
-node test_hash.ts(66,63): error TS1127: Invalid character.
-node test_hash.ts(66,66): error TS1127: Invalid character.
-node test_hash.ts(66,68): error TS6188: Numeric separators are not allowed here.
-node test_hash.ts(66,69): error TS1127: Invalid character.
-node test_hash.ts(66,70): error TS1109: Expression expected.
-node test_hash.ts(66,71): error TS1109: Expression expected.
-node test_hash.ts(67,7): error TS1109: Expression expected.
-node test_hash.ts(67,10): error TS1005: ',' expected.
-node test_hash.ts(67,11): error TS1127: Invalid character.
-node test_hash.ts(67,14): error TS1127: Invalid character.
-node test_hash.ts(67,17): error TS1127: Invalid character.
-node test_hash.ts(67,19): error TS6188: Numeric separators are not allowed here.
-node test_hash.ts(67,20): error TS1127: Invalid character.
-node test_hash.ts(67,21): error TS1109: Expression expected.
-node test_hash.ts(67,24): error TS1127: Invalid character.
-node test_hash.ts(67,27): error TS1127: Invalid character.
-node test_hash.ts(67,30): error TS1127: Invalid character.
-node test_hash.ts(67,32): error TS6188: Numeric separators are not allowed here.
-node test_hash.ts(67,33): error TS1127: Invalid character.
-node test_hash.ts(67,34): error TS1109: Expression expected.
-node test_hash.ts(67,37): error TS1109: Expression expected.
-node test_hash.ts(67,45): error TS1005: ',' expected.
-node test_hash.ts(67,50): error TS1005: ',' expected.
-node test_hash.ts(67,58): error TS1005: ',' expected.
-node test_hash.ts(67,59): error TS1127: Invalid character.
-node test_hash.ts(67,62): error TS1127: Invalid character.
-node test_hash.ts(67,65): error TS1127: Invalid character.
-node test_hash.ts(67,67): error TS6188: Numeric separators are not allowed here.
-node test_hash.ts(67,68): error TS1127: Invalid character.
-node test_hash.ts(67,69): error TS1109: Expression expected.
-node test_hash.ts(67,70): error TS1109: Expression expected.
-node test_hash.ts(68,9): error TS1003: Identifier expected.
-node test_hash.ts(68,11): error TS1109: Expression expected.
-node test_hash.ts(68,13): error TS1109: Expression expected.
-node test_hash.ts(68,15): error TS1109: Expression expected.
-node test_hash.ts(68,17): error TS1109: Expression expected.
-node test_hash.ts(68,19): error TS1109: Expression expected.
-node test_hash.ts(68,21): error TS1109: Expression expected.
-node test_hash.ts(68,23): error TS1109: Expression expected.
-node test_hash.ts(68,25): error TS1109: Expression expected.
-node test_hash.ts(68,27): error TS1109: Expression expected.
-node test_hash.ts(68,29): error TS1109: Expression expected.
-node test_hash.ts(68,31): error TS1109: Expression expected.
-node test_hash.ts(68,33): error TS1109: Expression expected.
-node test_hash.ts(68,35): error TS1109: Expression expected.
-node test_hash.ts(68,37): error TS1109: Expression expected.
-node test_hash.ts(68,39): error TS1109: Expression expected.
-node test_hash.ts(68,41): error TS1109: Expression expected.
-node test_hash.ts(68,43): error TS1109: Expression expected.
-node test_hash.ts(68,45): error TS1109: Expression expected.
-node test_hash.ts(68,47): error TS1109: Expression expected.
-node test_hash.ts(68,49): error TS1109: Expression expected.
-node test_hash.ts(68,51): error TS1109: Expression expected.
-node test_hash.ts(68,53): error TS1109: Expression expected.
-node test_hash.ts(68,55): error TS1109: Expression expected.
-node test_hash.ts(68,57): error TS1109: Expression expected.
-node test_hash.ts(68,59): error TS1109: Expression expected.
-node test_hash.ts(69,14): error TS1005: ',' expected.
-node test_hash.ts(69,35): error TS1005: ',' expected.
-node test_hash.ts(69,43): error TS1005: ',' expected.
-node test_hash.ts(69,48): error TS1005: ',' expected.
-node test_hash.ts(69,56): error TS1005: ',' expected.
-node test_hash.ts(69,59): error TS1005: ',' expected.
-node test_hash.ts(69,63): error TS1005: ',' expected.
-node test_hash.ts(69,69): error TS1005: ',' expected.
-node test_hash.ts(70,11): error TS1005: ',' expected.
-node test_hash.ts(70,20): error TS1005: ',' expected.
-node test_hash.ts(70,26): error TS1127: Invalid character.
-node test_hash.ts(70,33): error TS1005: ',' expected.
-node test_hash.ts(70,38): error TS1005: ',' expected.
-node test_hash.ts(70,53): error TS1005: ',' expected.
-node test_hash.ts(70,57): error TS1005: ',' expected.
-node test_hash.ts(71,14): error TS1005: ',' expected.
-node test_hash.ts(71,34): error TS1005: ',' expected.
-node test_hash.ts(71,42): error TS1005: ',' expected.
-node test_hash.ts(71,47): error TS1005: ',' expected.
-node test_hash.ts(71,56): error TS1005: ',' expected.
-node test_hash.ts(71,59): error TS1005: ',' expected.
-node test_hash.ts(71,63): error TS1005: ',' expected.
-node test_hash.ts(71,68): error TS1005: ',' expected.
-node test_hash.ts(72,11): error TS1005: ',' expected.
-node test_hash.ts(72,20): error TS1005: ',' expected.
-node test_hash.ts(72,26): error TS1127: Invalid character.
-node test_hash.ts(72,33): error TS1005: ',' expected.
-node test_hash.ts(72,39): error TS1005: ',' expected.
-node test_hash.ts(72,54): error TS1005: ',' expected.
-node test_hash.ts(72,61): error TS1005: ',' expected.
-node test_hash.ts(74,5): error TS1127: Invalid character.
-node test_hash.ts(74,8): error TS1127: Invalid character.
-node test_hash.ts(74,11): error TS1127: Invalid character.
-node test_hash.ts(74,14): error TS1127: Invalid character.
-node test_hash.ts(74,17): error TS1127: Invalid character.
-node test_hash.ts(74,20): error TS1127: Invalid character.
-node test_hash.ts(74,23): error TS1127: Invalid character.
-node test_hash.ts(74,26): error TS1127: Invalid character.
-node test_hash.ts(74,27): error TS1109: Expression expected.
-node test_hash.ts(74,45): error TS1005: ',' expected.
-node test_hash.ts(74,49): error TS1005: ',' expected.
-node test_hash.ts(74,57): error TS1005: ',' expected.
-node test_hash.ts(74,61): error TS1005: ',' expected.
-node test_hash.ts(74,66): error TS1005: ',' expected.
-node test_hash.ts(74,71): error TS1005: '(' expected.
-node test_hash.ts(74,79): error TS1109: Expression expected.
-node test_hash.ts(75,5): error TS1127: Invalid character.
-node test_hash.ts(75,8): error TS1127: Invalid character.
-node test_hash.ts(75,11): error TS1127: Invalid character.
-node test_hash.ts(75,14): error TS1127: Invalid character.
-node test_hash.ts(75,17): error TS1127: Invalid character.
-node test_hash.ts(75,20): error TS1127: Invalid character.
-node test_hash.ts(75,23): error TS1127: Invalid character.
-node test_hash.ts(75,26): error TS1127: Invalid character.
-node test_hash.ts(75,27): error TS1109: Expression expected.
-node test_hash.ts(75,45): error TS1005: ';' expected.
-node test_hash.ts(75,49): error TS1434: Unexpected keyword or identifier.
-node test_hash.ts(75,57): error TS1434: Unexpected keyword or identifier.
-node test_hash.ts(75,64): error TS1434: Unexpected keyword or identifier.
-node test_hash.ts(75,74): error TS1005: '(' expected.
-node test_hash.ts(75,82): error TS1109: Expression expected.
-node test_hash.ts(76,3): error TS1003: Identifier expected.
-node test_hash.ts(76,75): error TS1002: Unterminated string literal.
-node test_hash.ts(77,24): error TS1005: ';' expected.
-node test_hash.ts(77,27): error TS1434: Unexpected keyword or identifier.
-node test_hash.ts(77,30): error TS1434: Unexpected keyword or identifier.
-node test_hash.ts(77,34): error TS1434: Unexpected keyword or identifier.
-node test_hash.ts(78,3): error TS1003: Identifier expected.
-node test_hash.ts(78,24): error TS1005: ';' expected.
-node test_hash.ts(78,34): error TS1002: Unterminated string literal.
-node test_hash.ts(79,9): error TS1127: Invalid character.
-node test_hash.ts(79,12): error TS1127: Invalid character.
-node test_hash.ts(79,15): error TS1127: Invalid character.
-node test_hash.ts(79,18): error TS1127: Invalid character.
-node test_hash.ts(79,21): error TS1127: Invalid character.
-node test_hash.ts(79,24): error TS1127: Invalid character.
-node test_hash.ts(79,27): error TS1127: Invalid character.
-node test_hash.ts(79,30): error TS1127: Invalid character.
-node test_hash.ts(79,31): error TS1109: Expression expected.
-node test_hash.ts(79,46): error TS1005: ';' expected.
-node test_hash.ts(80,9): error TS1003: Identifier expected.
-node test_hash.ts(80,11): error TS1109: Expression expected.
-node test_hash.ts(80,13): error TS1109: Expression expected.
-node test_hash.ts(80,15): error TS1109: Expression expected.
-node test_hash.ts(80,17): error TS1109: Expression expected.
-node test_hash.ts(80,19): error TS1109: Expression expected.
-node test_hash.ts(80,21): error TS1109: Expression expected.
-node test_hash.ts(80,23): error TS1109: Expression expected.
-node test_hash.ts(80,25): error TS1109: Expression expected.
-node test_hash.ts(80,27): error TS1109: Expression expected.
-node test_hash.ts(80,29): error TS1109: Expression expected.
-node test_hash.ts(80,31): error TS1109: Expression expected.
-node test_hash.ts(80,33): error TS1109: Expression expected.
-node test_hash.ts(80,35): error TS1109: Expression expected.
-node test_hash.ts(80,37): error TS1109: Expression expected.
-node test_hash.ts(80,39): error TS1109: Expression expected.
-node test_hash.ts(80,41): error TS1109: Expression expected.
-node test_hash.ts(80,43): error TS1109: Expression expected.
-node test_hash.ts(80,45): error TS1109: Expression expected.
-node test_hash.ts(80,47): error TS1109: Expression expected.
-node test_hash.ts(80,49): error TS1109: Expression expected.
-node test_hash.ts(80,51): error TS1109: Expression expected.
-node test_hash.ts(80,53): error TS1109: Expression expected.
-node test_hash.ts(80,55): error TS1109: Expression expected.
-node test_hash.ts(80,57): error TS1109: Expression expected.
-node test_hash.ts(80,59): error TS1109: Expression expected.
-node test_hash.ts(81,11): error TS1005: ';' expected.
-node test_hash.ts(81,16): error TS1228: A type predicate is only allowed in return type position for functions and methods.
-node test_hash.ts(81,19): error TS1434: Unexpected keyword or identifier.
-node test_hash.ts(81,29): error TS1109: Expression expected.
-node test_hash.ts(81,34): error TS1434: Unexpected keyword or identifier.
-node test_hash.ts(81,43): error TS1109: Expression expected.
-node test_hash.ts(81,55): error TS1003: Identifier expected.
-node test_hash.ts(82,9): error TS1434: Unexpected keyword or identifier.
-node test_hash.ts(82,17): error TS1434: Unexpected keyword or identifier.
-node test_hash.ts(82,23): error TS1434: Unexpected keyword or identifier.
-node test_hash.ts(83,14): error TS1109: Expression expected.
-node test_hash.ts(83,24): error TS1005: ';' expected.
-node test_hash.ts(83,34): error TS1434: Unexpected keyword or identifier.
-node test_hash.ts(83,37): error TS1434: Unexpected keyword or identifier.
-node test_hash.ts(84,14): error TS1434: Unexpected keyword or identifier.
-node test_hash.ts(84,17): error TS1434: Unexpected keyword or identifier.
-node test_hash.ts(84,24): error TS1434: Unexpected keyword or identifier.
-node test_hash.ts(84,28): error TS1434: Unexpected keyword or identifier.
-node test_hash.ts(84,31): error TS1434: Unexpected keyword or identifier.
-node test_hash.ts(85,4): error TS1109: Expression expected.
-node test_hash.ts(85,6): error TS1109: Expression expected.
-node test_hash.ts(85,8): error TS1109: Expression expected.
-node test_hash.ts(85,10): error TS1109: Expression expected.
-node test_hash.ts(85,12): error TS1109: Expression expected.
-node test_hash.ts(85,14): error TS1109: Expression expected.
-node test_hash.ts(85,16): error TS1109: Expression expected.
-node test_hash.ts(85,18): error TS1109: Expression expected.
-node test_hash.ts(85,20): error TS1109: Expression expected.
-node test_hash.ts(85,22): error TS1109: Expression expected.
-node test_hash.ts(85,24): error TS1109: Expression expected.
-node test_hash.ts(85,26): error TS1109: Expression expected.
-node test_hash.ts(85,28): error TS1109: Expression expected.
-node test_hash.ts(85,30): error TS1109: Expression expected.
-node test_hash.ts(85,32): error TS1109: Expression expected.
-node test_hash.ts(85,34): error TS1109: Expression expected.
-node test_hash.ts(85,36): error TS1109: Expression expected.
-node test_hash.ts(85,38): error TS1109: Expression expected.
-node test_hash.ts(85,40): error TS1109: Expression expected.
-node test_hash.ts(85,42): error TS1109: Expression expected.
-node test_hash.ts(85,44): error TS1109: Expression expected.
-node test_hash.ts(85,46): error TS1109: Expression expected.
-node test_hash.ts(85,48): error TS1109: Expression expected.
-node test_hash.ts(85,50): error TS1109: Expression expected.
-node test_hash.ts(85,52): error TS1109: Expression expected.
-node test_hash.ts(85,54): error TS1109: Expression expected.
-node test_hash.ts(85,56): error TS1109: Expression expected.
-node test_hash.ts(85,58): error TS1109: Expression expected.
-node test_hash.ts(85,60): error TS1109: Expression expected.
-node test_hash.ts(85,62): error TS1109: Expression expected.
-node test_hash.ts(85,64): error TS1109: Expression expected.
-node test_hash.ts(85,66): error TS1109: Expression expected.
-node test_hash.ts(85,68): error TS1109: Expression expected.
-node test_hash.ts(85,70): error TS1109: Expression expected.
-node test_hash.ts(85,72): error TS1109: Expression expected.
-node test_hash.ts(85,74): error TS1109: Expression expected.
-node test_hash.ts(85,76): error TS1109: Expression expected.
-node test_hash.ts(87,26): error TS1127: Invalid character.
-node test_hash.ts(87,29): error TS1127: Invalid character.
-node test_hash.ts(87,32): error TS1127: Invalid character.
-node test_hash.ts(87,35): error TS1127: Invalid character.
-node test_hash.ts(87,38): error TS1127: Invalid character.
-node test_hash.ts(87,41): error TS1127: Invalid character.
-node test_hash.ts(87,44): error TS1127: Invalid character.
-node test_hash.ts(87,47): error TS1127: Invalid character.
-node test_hash.ts(87,48): error TS1434: Unexpected keyword or identifier.
-node test_hash.ts(87,51): error TS1127: Invalid character.
-node test_hash.ts(87,54): error TS1127: Invalid character.
-node test_hash.ts(87,57): error TS1127: Invalid character.
-node test_hash.ts(87,60): error TS1127: Invalid character.
-node test_hash.ts(87,63): error TS1127: Invalid character.
-node test_hash.ts(89,8): error TS1127: Invalid character.
-node test_hash.ts(89,11): error TS1127: Invalid character.
-node test_hash.ts(89,14): error TS1127: Invalid character.
-node test_hash.ts(89,17): error TS1127: Invalid character.
-node test_hash.ts(89,18): error TS1434: Unexpected keyword or identifier.
-node test_hash.ts(89,19): error TS1128: Declaration or statement expected.
-node test_hash.ts(89,32): error TS1434: Unexpected keyword or identifier.
-node test_hash.ts(89,40): error TS1434: Unexpected keyword or identifier.
-node test_hash.ts(90,3): error TS1003: Identifier expected.
-node test_hash.ts(90,24): error TS1005: ';' expected.
-node test_hash.ts(90,32): error TS1110: Type expected.
-node test_hash.ts(91,3): error TS1003: Identifier expected.
-node test_hash.ts(91,32): error TS1005: ';' expected.
-node test_hash.ts(91,38): error TS1127: Invalid character.
-node test_hash.ts(91,45): error TS1005: ';' expected.
-node test_hash.ts(91,50): error TS1434: Unexpected keyword or identifier.
-node test_hash.ts(91,55): error TS1434: Unexpected keyword or identifier.
-node test_hash.ts(91,60): error TS1434: Unexpected keyword or identifier.
-node test_hash.ts(91,64): error TS1434: Unexpected keyword or identifier.
-node test_hash.ts(92,3): error TS1003: Identifier expected.
-node test_hash.ts(92,32): error TS1005: ';' expected.
-node test_hash.ts(92,38): error TS1127: Invalid character.
-node test_hash.ts(92,45): error TS1005: ';' expected.
-node test_hash.ts(92,54): error TS1434: Unexpected keyword or identifier.
-node test_hash.ts(92,59): error TS1434: Unexpected keyword or identifier.
-node test_hash.ts(92,64): error TS1434: Unexpected keyword or identifier.
-node test_hash.ts(92,68): error TS1434: Unexpected keyword or identifier.
-node test_hash.ts(93,3): error TS1003: Identifier expected.
-node test_hash.ts(93,32): error TS1005: ';' expected.
-node test_hash.ts(93,46): error TS1005: ',' expected.
-node test_hash.ts(93,47): error TS1127: Invalid character.
-node test_hash.ts(93,54): error TS1005: ';' expected.
-node test_hash.ts(93,59): error TS1434: Unexpected keyword or identifier.
-node test_hash.ts(93,64): error TS1434: Unexpected keyword or identifier.
-node test_hash.ts(93,68): error TS1434: Unexpected keyword or identifier.
-node test_hash.ts(94,3): error TS1003: Identifier expected.
-node test_hash.ts(94,4): error TS1434: Unexpected keyword or identifier.
-node test_hash.ts(94,24): error TS1435: Unknown keyword or identifier. Did you mean 'delete'?
-node test_hash.ts(94,31): error TS1434: Unexpected keyword or identifier.
-node test_hash.ts(94,35): error TS1434: Unexpected keyword or identifier.
-node test_hash.ts(94,43): error TS1434: Unexpected keyword or identifier.
-node test_hash.ts(94,48): error TS1434: Unexpected keyword or identifier.
-node test_hash.ts(94,53): error TS1434: Unexpected keyword or identifier.
-node test_hash.ts(94,57): error TS1434: Unexpected keyword or identifier.
-node test_hash.ts(94,65): error TS1434: Unexpected keyword or identifier.
-node test_hash.ts(95,3): error TS1003: Identifier expected.
-node test_hash.ts(95,6): error TS1109: Expression expected.
-node test_hash.ts(95,10): error TS1005: ';' expected.
-node test_hash.ts(95,11): error TS1434: Unexpected keyword or identifier.
-node test_hash.ts(95,24): error TS1434: Unexpected keyword or identifier.
-node test_hash.ts(95,30): error TS1434: Unexpected keyword or identifier.
-node test_hash.ts(95,38): error TS1434: Unexpected keyword or identifier.
-node test_hash.ts(96,2): error TS1003: Identifier expected.
-node test_hash.ts(96,4): error TS1109: Expression expected.
-node test_hash.ts(96,6): error TS1109: Expression expected.
-node test_hash.ts(96,8): error TS1109: Expression expected.
-node test_hash.ts(96,10): error TS1109: Expression expected.
-node test_hash.ts(96,12): error TS1109: Expression expected.
-node test_hash.ts(96,14): error TS1109: Expression expected.
-node test_hash.ts(96,16): error TS1109: Expression expected.
-node test_hash.ts(96,18): error TS1109: Expression expected.
-node test_hash.ts(96,20): error TS1109: Expression expected.
-node test_hash.ts(96,22): error TS1109: Expression expected.
-node test_hash.ts(96,24): error TS1109: Expression expected.
-node test_hash.ts(96,26): error TS1109: Expression expected.
-node test_hash.ts(96,28): error TS1109: Expression expected.
-node test_hash.ts(96,30): error TS1109: Expression expected.
-node test_hash.ts(96,32): error TS1109: Expression expected.
-node test_hash.ts(96,34): error TS1109: Expression expected.
-node test_hash.ts(96,36): error TS1109: Expression expected.
-node test_hash.ts(96,38): error TS1109: Expression expected.
-node test_hash.ts(96,40): error TS1109: Expression expected.
-node test_hash.ts(96,42): error TS1109: Expression expected.
-node test_hash.ts(96,44): error TS1109: Expression expected.
-node test_hash.ts(96,46): error TS1109: Expression expected.
-node test_hash.ts(96,48): error TS1109: Expression expected.
-node test_hash.ts(96,50): error TS1109: Expression expected.
-node test_hash.ts(96,52): error TS1109: Expression expected.
-node test_hash.ts(96,54): error TS1109: Expression expected.
-node test_hash.ts(96,56): error TS1109: Expression expected.
-node test_hash.ts(96,58): error TS1109: Expression expected.
-node test_hash.ts(96,60): error TS1109: Expression expected.
-node test_hash.ts(96,62): error TS1109: Expression expected.
-node test_hash.ts(96,64): error TS1109: Expression expected.
-node test_hash.ts(96,66): error TS1109: Expression expected.
-node test_hash.ts(96,68): error TS1109: Expression expected.
-node test_hash.ts(96,70): error TS1109: Expression expected.
-node test_hash.ts(96,72): error TS1109: Expression expected.
-node test_hash.ts(96,74): error TS1109: Expression expected.
-node test_hash.ts(96,76): error TS1109: Expression expected.
-node test_hash.ts(98,22): error TS1127: Invalid character.
-node test_hash.ts(98,25): error TS1127: Invalid character.
-node test_hash.ts(98,28): error TS1127: Invalid character.
-node test_hash.ts(98,31): error TS1127: Invalid character.
-node test_hash.ts(98,34): error TS1127: Invalid character.
-node test_hash.ts(98,37): error TS1127: Invalid character.
-node test_hash.ts(98,40): error TS1127: Invalid character.
-node test_hash.ts(98,43): error TS1127: Invalid character.
-node test_hash.ts(98,46): error TS1127: Invalid character.
-node test_hash.ts(98,49): error TS1127: Invalid character.
-node test_hash.ts(98,52): error TS1127: Invalid character.
-node test_hash.ts(98,55): error TS1127: Invalid character.
-node test_hash.ts(98,58): error TS1127: Invalid character.
-node test_hash.ts(98,59): error TS1434: Unexpected keyword or identifier.
-node test_hash.ts(98,62): error TS1127: Invalid character.
-node test_hash.ts(98,65): error TS1127: Invalid character.
-node test_hash.ts(98,68): error TS1127: Invalid character.
-node test_hash.ts(98,71): error TS1127: Invalid character.
-node test_hash.ts(98,74): error TS1127: Invalid character.
-node test_hash.ts(98,77): error TS1127: Invalid character.
-node test_hash.ts(98,80): error TS1127: Invalid character.
-node test_hash.ts(98,83): error TS1127: Invalid character.
-node test_hash.ts(100,5): error TS1127: Invalid character.
-node test_hash.ts(100,8): error TS1127: Invalid character.
-node test_hash.ts(100,11): error TS1127: Invalid character.
-node test_hash.ts(100,14): error TS1127: Invalid character.
-node test_hash.ts(100,17): error TS1127: Invalid character.
-node test_hash.ts(100,20): error TS1127: Invalid character.
-node test_hash.ts(100,21): error TS1109: Expression expected.
-node test_hash.ts(100,43): error TS1005: ';' expected.
-node test_hash.ts(100,45): error TS1434: Unexpected keyword or identifier.
-node test_hash.ts(100,53): error TS1434: Unexpected keyword or identifier.
-node test_hash.ts(100,70): error TS1005: ']' expected.
-node test_hash.ts(100,78): error TS1434: Unexpected keyword or identifier.
-node test_hash.ts(100,83): error TS1128: Declaration or statement expected.
-node test_hash.ts(100,84): error TS1128: Declaration or statement expected.
-node test_hash.ts(101,6): error TS1127: Invalid character.
-node test_hash.ts(101,9): error TS1127: Invalid character.
-node test_hash.ts(101,12): error TS1127: Invalid character.
-node test_hash.ts(101,15): error TS1127: Invalid character.
-node test_hash.ts(101,18): error TS1127: Invalid character.
-node test_hash.ts(101,21): error TS1127: Invalid character.
-node test_hash.ts(101,22): error TS1109: Expression expected.
-node test_hash.ts(101,43): error TS1005: ';' expected.
-node test_hash.ts(101,45): error TS1434: Unexpected keyword or identifier.
-node test_hash.ts(101,53): error TS1434: Unexpected keyword or identifier.
-node test_hash.ts(101,69): error TS1005: ';' expected.
-node test_hash.ts(102,5): error TS1127: Invalid character.
-node test_hash.ts(102,8): error TS1127: Invalid character.
-node test_hash.ts(102,11): error TS1127: Invalid character.
-node test_hash.ts(102,14): error TS1127: Invalid character.
-node test_hash.ts(102,17): error TS1127: Invalid character.
-node test_hash.ts(102,20): error TS1127: Invalid character.
-node test_hash.ts(102,21): error TS1109: Expression expected.
-node test_hash.ts(102,44): error TS1005: ';' expected.
-node test_hash.ts(102,48): error TS1435: Unknown keyword or identifier. Did you mean 'set ting'?
-node test_hash.ts(102,56): error TS1434: Unexpected keyword or identifier.
-node test_hash.ts(102,59): error TS1434: Unexpected keyword or identifier.
-node test_hash.ts(102,61): error TS1434: Unexpected keyword or identifier.
-node test_hash.ts(102,69): error TS1434: Unexpected keyword or identifier.
-node test_hash.ts(103,6): error TS1127: Invalid character.
-node test_hash.ts(103,9): error TS1127: Invalid character.
-node test_hash.ts(103,12): error TS1127: Invalid character.
-node test_hash.ts(103,15): error TS1127: Invalid character.
-node test_hash.ts(103,18): error TS1127: Invalid character.
-node test_hash.ts(103,21): error TS1127: Invalid character.
-node test_hash.ts(103,22): error TS1109: Expression expected.
-node test_hash.ts(103,44): error TS1005: ';' expected.
-node test_hash.ts(103,48): error TS1435: Unknown keyword or identifier. Did you mean 'set ting'?
-node test_hash.ts(103,56): error TS1434: Unexpected keyword or identifier.
-node test_hash.ts(103,59): error TS1434: Unexpected keyword or identifier.
-node test_hash.ts(103,73): error TS1005: ';' expected.
-node test_hash.ts(104,3): error TS1003: Identifier expected.
-node test_hash.ts(104,5): error TS1127: Invalid character.
-node test_hash.ts(104,8): error TS1127: Invalid character.
-node test_hash.ts(104,11): error TS1127: Invalid character.
-node test_hash.ts(104,12): error TS1434: Unexpected keyword or identifier.
-node test_hash.ts(104,30): error TS1434: Unexpected keyword or identifier.
-node test_hash.ts(104,38): error TS1434: Unexpected keyword or identifier.
-node test_hash.ts(104,42): error TS1434: Unexpected keyword or identifier.
-node test_hash.ts(104,47): error TS1434: Unexpected keyword or identifier.
-node test_hash.ts(104,51): error TS1434: Unexpected keyword or identifier.
-node test_hash.ts(104,56): error TS1434: Unexpected keyword or identifier.
-node test_hash.ts(104,61): error TS1434: Unexpected keyword or identifier.
-node test_hash.ts(104,72): error TS1005: ';' expected.
-node test_hash.ts(106,3): error TS1003: Identifier expected.
-node test_hash.ts(106,5): error TS1127: Invalid character.
-node test_hash.ts(106,8): error TS1127: Invalid character.
-node test_hash.ts(106,11): error TS1127: Invalid character.
-node test_hash.ts(106,14): error TS1127: Invalid character.
-node test_hash.ts(106,17): error TS1127: Invalid character.
-node test_hash.ts(106,20): error TS1127: Invalid character.
-node test_hash.ts(106,23): error TS1127: Invalid character.
-node test_hash.ts(106,24): error TS1434: Unexpected keyword or identifier.
-node test_hash.ts(106,38): error TS1434: Unexpected keyword or identifier.
-node test_hash.ts(106,46): error TS1434: Unexpected keyword or identifier.
-node test_hash.ts(106,50): error TS1434: Unexpected keyword or identifier.
-node test_hash.ts(106,56): error TS1434: Unexpected keyword or identifier.
-node test_hash.ts(106,69): error TS1005: '(' expected.
-node test_hash.ts(107,3): error TS1003: Identifier expected.
-node test_hash.ts(107,5): error TS1127: Invalid character.
-node test_hash.ts(107,8): error TS1127: Invalid character.
-node test_hash.ts(107,11): error TS1127: Invalid character.
-node test_hash.ts(107,14): error TS1127: Invalid character.
-node test_hash.ts(107,17): error TS1127: Invalid character.
-node test_hash.ts(107,20): error TS1127: Invalid character.
-node test_hash.ts(107,23): error TS1127: Invalid character.
-node test_hash.ts(107,26): error TS1127: Invalid character.
-node test_hash.ts(107,27): error TS1434: Unexpected keyword or identifier.
-node test_hash.ts(107,40): error TS1434: Unexpected keyword or identifier.
-node test_hash.ts(107,45): error TS1434: Unexpected keyword or identifier.
-node test_hash.ts(107,50): error TS1434: Unexpected keyword or identifier.
-node test_hash.ts(107,58): error TS1434: Unexpected keyword or identifier.
-node test_hash.ts(107,77): error TS1005: ';' expected.
-node test_hash.ts(107,78): error TS1127: Invalid character.
-node test_hash.ts(107,79): error TS1434: Unexpected keyword or identifier.
-node test_hash.ts(107,81): error TS1434: Unexpected keyword or identifier.
-node test_hash.ts(107,84): error TS1434: Unexpected keyword or identifier.
-node test_hash.ts(107,98): error TS1003: Identifier expected.
-node test_hash.ts(108,3): error TS1434: Unexpected keyword or identifier.
-node test_hash.ts(108,6): error TS1127: Invalid character.
-node test_hash.ts(108,9): error TS1127: Invalid character.
-node test_hash.ts(108,12): error TS1127: Invalid character.
-node test_hash.ts(108,15): error TS1127: Invalid character.
-node test_hash.ts(108,16): error TS1434: Unexpected keyword or identifier.
-node test_hash.ts(108,32): error TS1434: Unexpected keyword or identifier.
-node test_hash.ts(108,37): error TS1434: Unexpected keyword or identifier.
-node test_hash.ts(108,43): error TS1434: Unexpected keyword or identifier.
-node test_hash.ts(108,46): error TS1434: Unexpected keyword or identifier.
-node test_hash.ts(108,53): error TS1003: Identifier expected.
-node test_hash.ts(109,3): error TS1434: Unexpected keyword or identifier.
-node test_hash.ts(109,24): error TS1434: Unexpected keyword or identifier.
-node test_hash.ts(109,29): error TS1434: Unexpected keyword or identifier.
-node test_hash.ts(109,33): error TS1434: Unexpected keyword or identifier.
-node test_hash.ts(109,41): error TS1434: Unexpected keyword or identifier.
-node test_hash.ts(109,51): error TS1005: '(' expected.
-node test_hash.ts(109,59): error TS1005: ')' expected.
-node test_hash.ts(109,70): error TS1003: Identifier expected.
-node test_hash.ts(110,3): error TS1434: Unexpected keyword or identifier.
-node test_hash.ts(110,24): error TS1434: Unexpected keyword or identifier.
-node test_hash.ts(110,30): error TS1434: Unexpected keyword or identifier.
-node test_hash.ts(110,38): error TS1434: Unexpected keyword or identifier.
-node test_hash.ts(110,45): error TS1434: Unexpected keyword or identifier.
-node test_hash.ts(111,2): error TS1003: Identifier expected.
-node test_hash.ts(111,4): error TS1109: Expression expected.
-node test_hash.ts(111,6): error TS1109: Expression expected.
-node test_hash.ts(111,8): error TS1109: Expression expected.
-node test_hash.ts(111,10): error TS1109: Expression expected.
-node test_hash.ts(111,12): error TS1109: Expression expected.
-node test_hash.ts(111,14): error TS1109: Expression expected.
-node test_hash.ts(111,16): error TS1109: Expression expected.
-node test_hash.ts(111,18): error TS1109: Expression expected.
-node test_hash.ts(111,20): error TS1109: Expression expected.
-node test_hash.ts(111,22): error TS1109: Expression expected.
-node test_hash.ts(111,24): error TS1109: Expression expected.
-node test_hash.ts(111,26): error TS1109: Expression expected.
-node test_hash.ts(111,28): error TS1109: Expression expected.
-node test_hash.ts(111,30): error TS1109: Expression expected.
-node test_hash.ts(111,32): error TS1109: Expression expected.
-node test_hash.ts(111,34): error TS1109: Expression expected.
-node test_hash.ts(111,36): error TS1109: Expression expected.
-node test_hash.ts(111,38): error TS1109: Expression expected.
-node test_hash.ts(111,40): error TS1109: Expression expected.
-node test_hash.ts(111,42): error TS1109: Expression expected.
-node test_hash.ts(111,44): error TS1109: Expression expected.
-node test_hash.ts(111,46): error TS1109: Expression expected.
-node test_hash.ts(111,48): error TS1109: Expression expected.
-node test_hash.ts(111,50): error TS1109: Expression expected.
-node test_hash.ts(111,52): error TS1109: Expression expected.
-node test_hash.ts(111,54): error TS1109: Expression expected.
-node test_hash.ts(111,56): error TS1109: Expression expected.
-node test_hash.ts(111,58): error TS1109: Expression expected.
-node test_hash.ts(111,60): error TS1109: Expression expected.
-node test_hash.ts(111,62): error TS1109: Expression expected.
-node test_hash.ts(111,64): error TS1109: Expression expected.
-node test_hash.ts(111,66): error TS1109: Expression expected.
-node test_hash.ts(111,68): error TS1109: Expression expected.
-node test_hash.ts(111,70): error TS1109: Expression expected.
-node test_hash.ts(111,72): error TS1109: Expression expected.
-node test_hash.ts(111,74): error TS1109: Expression expected.
-node test_hash.ts(111,76): error TS1109: Expression expected.
-node test_hash.ts(113,29): error TS1127: Invalid character.
-node test_hash.ts(113,32): error TS1127: Invalid character.
-node test_hash.ts(113,35): error TS1127: Invalid character.
-node test_hash.ts(113,38): error TS1127: Invalid character.
-node test_hash.ts(113,41): error TS1127: Invalid character.
-node test_hash.ts(113,44): error TS1127: Invalid character.
-node test_hash.ts(113,47): error TS1127: Invalid character.
-node test_hash.ts(115,9): error TS1434: Unexpected keyword or identifier.
-node test_hash.ts(115,14): error TS1434: Unexpected keyword or identifier.
-node test_hash.ts(115,22): error TS1434: Unexpected keyword or identifier.
-node test_hash.ts(115,26): error TS1434: Unexpected keyword or identifier.
-node test_hash.ts(115,29): error TS1434: Unexpected keyword or identifier.
-node test_hash.ts(115,37): error TS1434: Unexpected keyword or identifier.
-node test_hash.ts(115,44): error TS1434: Unexpected keyword or identifier.
-node test_hash.ts(115,47): error TS1434: Unexpected keyword or identifier.
-node test_hash.ts(115,51): error TS1434: Unexpected keyword or identifier.
-node test_hash.ts(116,12): error TS1005: ';' expected.
-node test_hash.ts(116,17): error TS1435: Unknown keyword or identifier. Did you mean 'with'?
-node test_hash.ts(116,24): error TS1434: Unexpected keyword or identifier.
-node test_hash.ts(116,29): error TS1434: Unexpected keyword or identifier.
-node test_hash.ts(116,42): error TS1005: ',' expected.
-node test_hash.ts(116,50): error TS1005: ';' expected.
-node test_hash.ts(116,58): error TS1003: Identifier expected.
-node test_hash.ts(117,9): error TS1434: Unexpected keyword or identifier.
-node test_hash.ts(117,17): error TS1434: Unexpected keyword or identifier.
-node test_hash.ts(117,21): error TS1434: Unexpected keyword or identifier.
-node test_hash.ts(117,37): error TS1005: ';' expected.
-node test_hash.ts(117,40): error TS1434: Unexpected keyword or identifier.
-node test_hash.ts(117,51): error TS1434: Unexpected keyword or identifier.
-node test_hash.ts(117,58): error TS1434: Unexpected keyword or identifier.
-node test_hash.ts(118,9): error TS1434: Unexpected keyword or identifier.
-node test_hash.ts(118,19): error TS1434: Unexpected keyword or identifier.
-node test_hash.ts(118,28): error TS1434: Unexpected keyword or identifier.
-node test_hash.ts(118,34): error TS1109: Expression expected.
-node test_hash.ts(118,39): error TS1005: ';' expected.
-node test_hash.ts(118,41): error TS1434: Unexpected keyword or identifier.
-node test_hash.ts(118,46): error TS1434: Unexpected keyword or identifier.
-node test_hash.ts(118,60): error TS1005: ';' expected.
-node test_hash.ts(120,4): error TS1109: Expression expected.
-node test_hash.ts(120,7): error TS1109: Expression expected.
-node test_hash.ts(120,10): error TS1128: Declaration or statement expected.
-node test_hash.ts(120,13): error TS1128: Declaration or statement expected.
-node test_hash.ts(120,14): error TS1128: Declaration or statement expected.
-node test_hash.ts(121,19): error TS1434: Unexpected keyword or identifier.
-node test_hash.ts(121,38): error TS1005: ',' expected.
-node test_hash.ts(121,46): error TS1005: ',' expected.
-node test_hash.ts(122,3): error TS1003: Identifier expected.
-node test_hash.ts(122,7): error TS1005: ';' expected.
-node test_hash.ts(122,10): error TS1128: Declaration or statement expected.
-node test_hash.ts(122,13): error TS1128: Declaration or statement expected.
-node test_hash.ts(122,14): error TS1128: Declaration or statement expected.
-node test_hash.ts(123,19): error TS1434: Unexpected keyword or identifier.
-node test_hash.ts(123,26): error TS1434: Unexpected keyword or identifier.
-node test_hash.ts(123,32): error TS1434: Unexpected keyword or identifier.
-node test_hash.ts(124,3): error TS1003: Identifier expected.
-node test_hash.ts(124,7): error TS1005: ';' expected.
-node test_hash.ts(124,10): error TS1128: Declaration or statement expected.
-node test_hash.ts(124,13): error TS1128: Declaration or statement expected.
-node test_hash.ts(124,14): error TS1128: Declaration or statement expected.
-node test_hash.ts(125,19): error TS1434: Unexpected keyword or identifier.
-node test_hash.ts(125,26): error TS1434: Unexpected keyword or identifier.
-node test_hash.ts(125,33): error TS1434: Unexpected keyword or identifier.
-node test_hash.ts(125,38): error TS1434: Unexpected keyword or identifier.
-node test_hash.ts(125,44): error TS1434: Unexpected keyword or identifier.
-node test_hash.ts(126,3): error TS1003: Identifier expected.
-node test_hash.ts(126,8): error TS1127: Invalid character.
-node test_hash.ts(126,9): error TS1434: Unexpected keyword or identifier.
-node test_hash.ts(126,10): error TS1128: Declaration or statement expected.
-node test_hash.ts(126,13): error TS1128: Declaration or statement expected.
-node test_hash.ts(126,16): error TS1128: Declaration or statement expected.
-node test_hash.ts(126,28): error TS1005: ';' expected.
-node test_hash.ts(126,31): error TS1127: Invalid character.
-node test_hash.ts(127,19): error TS1435: Unknown keyword or identifier. Did you mean 'number'?
-node test_hash.ts(127,26): error TS1434: Unexpected keyword or identifier.
-node test_hash.ts(128,3): error TS1003: Identifier expected.
-node test_hash.ts(128,7): error TS1005: ';' expected.
-node test_hash.ts(128,10): error TS1128: Declaration or statement expected.
-node test_hash.ts(128,13): error TS1128: Declaration or statement expected.
-node test_hash.ts(128,14): error TS1128: Declaration or statement expected.
-node test_hash.ts(129,19): error TS1434: Unexpected keyword or identifier.
-node test_hash.ts(129,66): error TS1002: Unterminated string literal.
-node test_hash.ts(130,7): error TS1005: ';' expected.
-node test_hash.ts(130,10): error TS1128: Declaration or statement expected.
-node test_hash.ts(130,13): error TS1128: Declaration or statement expected.
-node test_hash.ts(130,14): error TS1128: Declaration or statement expected.
-node test_hash.ts(131,19): error TS1434: Unexpected keyword or identifier.
-node test_hash.ts(131,27): error TS1434: Unexpected keyword or identifier.
-node test_hash.ts(131,30): error TS1434: Unexpected keyword or identifier.
-node test_hash.ts(131,39): error TS1434: Unexpected keyword or identifier.
-node test_hash.ts(131,46): error TS1434: Unexpected keyword or identifier.
-node test_hash.ts(132,3): error TS1003: Identifier expected.
-node test_hash.ts(132,7): error TS1005: ';' expected.
-node test_hash.ts(132,10): error TS1128: Declaration or statement expected.
-node test_hash.ts(132,13): error TS1128: Declaration or statement expected.
-node test_hash.ts(132,14): error TS1128: Declaration or statement expected.
-node test_hash.ts(133,19): error TS1434: Unexpected keyword or identifier.
-node test_hash.ts(134,3): error TS1003: Identifier expected.
-node test_hash.ts(134,6): error TS1005: ';' expected.
-node test_hash.ts(134,7): error TS1127: Invalid character.
-node test_hash.ts(134,10): error TS1127: Invalid character.
-node test_hash.ts(134,13): error TS1127: Invalid character.
-node test_hash.ts(134,16): error TS1127: Invalid character.
-node test_hash.ts(134,19): error TS1127: Invalid character.
-node test_hash.ts(134,22): error TS1127: Invalid character.
-node test_hash.ts(134,29): error TS1003: Identifier expected.
-node test_hash.ts(134,31): error TS1005: ';' expected.
-node test_hash.ts(134,38): error TS1127: Invalid character.
-node test_hash.ts(134,41): error TS1127: Invalid character.
-node test_hash.ts(134,44): error TS1127: Invalid character.
-node test_hash.ts(134,47): error TS1127: Invalid character.
-node test_hash.ts(134,50): error TS1127: Invalid character.
-node test_hash.ts(134,53): error TS1127: Invalid character.
-node test_hash.ts(135,19): error TS1435: Unknown keyword or identifier. Did you mean 'set'?
-node test_hash.ts(135,23): error TS1434: Unexpected keyword or identifier.
-node test_hash.ts(136,3): error TS1003: Identifier expected.
-node test_hash.ts(136,11): error TS1005: ';' expected.
-node test_hash.ts(136,14): error TS1128: Declaration or statement expected.
-node test_hash.ts(136,34): error TS1005: ';' expected.
-node test_hash.ts(137,19): error TS1434: Unexpected keyword or identifier.
-node test_hash.ts(137,24): error TS1434: Unexpected keyword or identifier.
-node test_hash.ts(137,27): error TS1434: Unexpected keyword or identifier.
-node test_hash.ts(137,31): error TS1434: Unexpected keyword or identifier.
-node test_hash.ts(138,3): error TS1003: Identifier expected.
-node test_hash.ts(138,7): error TS1005: ';' expected.
-node test_hash.ts(138,10): error TS1128: Declaration or statement expected.
-node test_hash.ts(138,13): error TS1128: Declaration or statement expected.
-node test_hash.ts(138,14): error TS1128: Declaration or statement expected.
-node test_hash.ts(139,19): error TS1435: Unknown keyword or identifier. Did you mean 'for'?
-node test_hash.ts(139,25): error TS1434: Unexpected keyword or identifier.
-node test_hash.ts(139,42): error TS1005: ';' expected.
-node test_hash.ts(140,3): error TS1003: Identifier expected.
-node test_hash.ts(140,7): error TS1005: ';' expected.
-node test_hash.ts(140,10): error TS1128: Declaration or statement expected.
-node test_hash.ts(140,13): error TS1128: Declaration or statement expected.
-node test_hash.ts(140,14): error TS1128: Declaration or statement expected.
-node test_hash.ts(140,24): error TS1109: Expression expected.
-node test_hash.ts(140,26): error TS1005: '(' expected.
-node test_hash.ts(141,19): error TS1005: ')' expected.
-node test_hash.ts(141,27): error TS1005: '(' expected.
-node test_hash.ts(141,34): error TS1005: ')' expected.
-node test_hash.ts(141,39): error TS1434: Unexpected keyword or identifier.
-node test_hash.ts(141,44): error TS1434: Unexpected keyword or identifier.
-node test_hash.ts(141,47): error TS1434: Unexpected keyword or identifier.
-node test_hash.ts(142,3): error TS1003: Identifier expected.
-node test_hash.ts(142,7): error TS1005: ';' expected.
-node test_hash.ts(142,10): error TS1128: Declaration or statement expected.
-node test_hash.ts(142,13): error TS1128: Declaration or statement expected.
-node test_hash.ts(142,14): error TS1128: Declaration or statement expected.
-node test_hash.ts(143,19): error TS1434: Unexpected keyword or identifier.
-node test_hash.ts(143,29): error TS1434: Unexpected keyword or identifier.
-node test_hash.ts(143,34): error TS1434: Unexpected keyword or identifier.
-node test_hash.ts(143,39): error TS1435: Unknown keyword or identifier. Did you mean 'catch'?
-node test_hash.ts(143,49): error TS1005: '(' expected.
-node test_hash.ts(144,3): error TS1003: Identifier expected.
-node test_hash.ts(144,7): error TS1005: ';' expected.
-node test_hash.ts(144,10): error TS1128: Declaration or statement expected.
-node test_hash.ts(144,13): error TS1128: Declaration or statement expected.
-node test_hash.ts(144,14): error TS1128: Declaration or statement expected.
-node test_hash.ts(145,19): error TS1434: Unexpected keyword or identifier.
-node test_hash.ts(145,60): error TS1002: Unterminated string literal.
-node test_hash.ts(146,8): error TS1127: Invalid character.
-node test_hash.ts(146,9): error TS1434: Unexpected keyword or identifier.
-node test_hash.ts(146,10): error TS1128: Declaration or statement expected.
-node test_hash.ts(146,13): error TS1128: Declaration or statement expected.
-node test_hash.ts(146,16): error TS1128: Declaration or statement expected.
-node test_hash.ts(146,36): error TS1005: ';' expected.
-node test_hash.ts(146,39): error TS1127: Invalid character.
-node test_hash.ts(147,19): error TS1434: Unexpected keyword or identifier.
-node test_hash.ts(147,28): error TS1434: Unexpected keyword or identifier.
-node test_hash.ts(148,3): error TS1003: Identifier expected.
-node test_hash.ts(148,7): error TS1005: ';' expected.
-node test_hash.ts(148,10): error TS1128: Declaration or statement expected.
-node test_hash.ts(148,13): error TS1128: Declaration or statement expected.
-node test_hash.ts(148,14): error TS1128: Declaration or statement expected.
-node test_hash.ts(148,26): error TS1109: Expression expected.
-node test_hash.ts(149,19): error TS1434: Unexpected keyword or identifier.
-node test_hash.ts(149,26): error TS1128: Declaration or statement expected.
-node test_hash.ts(149,31): error TS1109: Expression expected.
-node test_hash.ts(149,43): error TS1005: ';' expected.
-node test_hash.ts(149,51): error TS1434: Unexpected keyword or identifier.
-node test_hash.ts(149,55): error TS1005: 'while' expected.
-node test_hash.ts(149,63): error TS1005: ')' expected.
-node test_hash.ts(150,3): error TS1003: Identifier expected.
-node test_hash.ts(150,7): error TS1005: ';' expected.
-node test_hash.ts(150,10): error TS1128: Declaration or statement expected.
-node test_hash.ts(150,13): error TS1128: Declaration or statement expected.
-node test_hash.ts(150,14): error TS1128: Declaration or statement expected.
-node test_hash.ts(151,19): error TS1434: Unexpected keyword or identifier.
-node test_hash.ts(151,26): error TS1128: Declaration or statement expected.
-node test_hash.ts(151,31): error TS1109: Expression expected.
-node test_hash.ts(151,38): error TS1005: ';' expected.
-node test_hash.ts(152,3): error TS1003: Identifier expected.
-node test_hash.ts(152,8): error TS1127: Invalid character.
-node test_hash.ts(152,9): error TS1434: Unexpected keyword or identifier.
-node test_hash.ts(152,10): error TS1128: Declaration or statement expected.
-node test_hash.ts(152,13): error TS1128: Declaration or statement expected.
-node test_hash.ts(152,16): error TS1128: Declaration or statement expected.
-node test_hash.ts(152,32): error TS1005: ';' expected.
-node test_hash.ts(152,35): error TS1127: Invalid character.
-node test_hash.ts(153,19): error TS1434: Unexpected keyword or identifier.
-node test_hash.ts(153,26): error TS1434: Unexpected keyword or identifier.
-node test_hash.ts(153,35): error TS1434: Unexpected keyword or identifier.
-node test_hash.ts(153,38): error TS1434: Unexpected keyword or identifier.
-node test_hash.ts(154,3): error TS1003: Identifier expected.
-node test_hash.ts(154,7): error TS1005: ';' expected.
-node test_hash.ts(154,10): error TS1128: Declaration or statement expected.
-node test_hash.ts(154,13): error TS1128: Declaration or statement expected.
-node test_hash.ts(154,14): error TS1128: Declaration or statement expected.
-node test_hash.ts(155,19): error TS1434: Unexpected keyword or identifier.
-node test_hash.ts(155,27): error TS1434: Unexpected keyword or identifier.
-node test_hash.ts(155,29): error TS1434: Unexpected keyword or identifier.
-node test_hash.ts(155,36): error TS1434: Unexpected keyword or identifier.
-node test_hash.ts(155,43): error TS1434: Unexpected keyword or identifier.
-node test_hash.ts(155,46): error TS1435: Unknown keyword or identifier. Did you mean 'let'?
-node test_hash.ts(155,51): error TS1434: Unexpected keyword or identifier.
-node test_hash.ts(155,56): error TS1434: Unexpected keyword or identifier.
-node test_hash.ts(156,3): error TS1003: Identifier expected.
-node test_hash.ts(156,8): error TS1127: Invalid character.
-node test_hash.ts(156,11): error TS1127: Invalid character.
-node test_hash.ts(156,14): error TS1127: Invalid character.
-node test_hash.ts(156,17): error TS1127: Invalid character.
-node test_hash.ts(156,18): error TS1434: Unexpected keyword or identifier.
-node test_hash.ts(156,19): error TS1128: Declaration or statement expected.
-node test_hash.ts(156,22): error TS1128: Declaration or statement expected.
-node test_hash.ts(156,39): error TS1005: ';' expected.
-node test_hash.ts(156,42): error TS1127: Invalid character.
-node test_hash.ts(156,45): error TS1127: Invalid character.
-node test_hash.ts(156,48): error TS1127: Invalid character.
-node test_hash.ts(156,51): error TS1127: Invalid character.
-node test_hash.ts(157,19): error TS1434: Unexpected keyword or identifier.
-node test_hash.ts(157,23): error TS1434: Unexpected keyword or identifier.
-node test_hash.ts(157,25): error TS1434: Unexpected keyword or identifier.
-node test_hash.ts(158,3): error TS1003: Identifier expected.
-node test_hash.ts(158,7): error TS1005: ';' expected.
-node test_hash.ts(158,10): error TS1128: Declaration or statement expected.
-node test_hash.ts(158,13): error TS1128: Declaration or statement expected.
-node test_hash.ts(158,14): error TS1128: Declaration or statement expected.
-node test_hash.ts(159,19): error TS1434: Unexpected keyword or identifier.
-node test_hash.ts(159,41): error TS1005: ';' expected.
-node test_hash.ts(160,3): error TS1003: Identifier expected.
-node test_hash.ts(160,7): error TS1005: ';' expected.
-node test_hash.ts(160,10): error TS1128: Declaration or statement expected.
-node test_hash.ts(160,13): error TS1128: Declaration or statement expected.
-node test_hash.ts(160,14): error TS1128: Declaration or statement expected.
-node test_hash.ts(161,19): error TS1434: Unexpected keyword or identifier.
-node test_hash.ts(161,26): error TS1434: Unexpected keyword or identifier.
-node test_hash.ts(161,30): error TS1434: Unexpected keyword or identifier.
-node test_hash.ts(161,39): error TS1434: Unexpected keyword or identifier.
-node test_hash.ts(162,3): error TS1003: Identifier expected.
-node test_hash.ts(162,11): error TS1005: ';' expected.
-node test_hash.ts(162,14): error TS1128: Declaration or statement expected.
-node test_hash.ts(162,34): error TS1005: ';' expected.
-node test_hash.ts(163,19): error TS1435: Unknown keyword or identifier. Did you mean 'set'?
-node test_hash.ts(163,23): error TS1434: Unexpected keyword or identifier.
-node test_hash.ts(164,3): error TS1003: Identifier expected.
-node test_hash.ts(164,11): error TS1005: ';' expected.
-node test_hash.ts(164,14): error TS1128: Declaration or statement expected.
-node test_hash.ts(164,35): error TS1005: ';' expected.
-node test_hash.ts(165,19): error TS1434: Unexpected keyword or identifier.
-node test_hash.ts(165,42): error TS1002: Unterminated string literal.
-node test_hash.ts(166,8): error TS1127: Invalid character.
-node test_hash.ts(166,11): error TS1127: Invalid character.
-node test_hash.ts(166,14): error TS1127: Invalid character.
-node test_hash.ts(166,17): error TS1127: Invalid character.
-node test_hash.ts(166,18): error TS1434: Unexpected keyword or identifier.
-node test_hash.ts(166,19): error TS1128: Declaration or statement expected.
-node test_hash.ts(166,22): error TS1128: Declaration or statement expected.
-node test_hash.ts(166,35): error TS1005: ';' expected.
-node test_hash.ts(166,38): error TS1127: Invalid character.
-node test_hash.ts(166,41): error TS1127: Invalid character.
-node test_hash.ts(166,44): error TS1127: Invalid character.
-node test_hash.ts(166,47): error TS1127: Invalid character.
-node test_hash.ts(167,19): error TS1434: Unexpected keyword or identifier.
-node test_hash.ts(167,24): error TS1434: Unexpected keyword or identifier.
-node test_hash.ts(167,27): error TS1434: Unexpected keyword or identifier.
-node test_hash.ts(167,46): error TS1005: ',' expected.
-node test_hash.ts(167,52): error TS1005: ',' expected.
-node test_hash.ts(168,3): error TS1003: Identifier expected.
-node test_hash.ts(168,8): error TS1127: Invalid character.
-node test_hash.ts(168,11): error TS1127: Invalid character.
-node test_hash.ts(168,14): error TS1127: Invalid character.
-node test_hash.ts(168,17): error TS1127: Invalid character.
-node test_hash.ts(168,18): error TS1434: Unexpected keyword or identifier.
-node test_hash.ts(168,19): error TS1128: Declaration or statement expected.
-node test_hash.ts(168,22): error TS1128: Declaration or statement expected.
-node test_hash.ts(168,35): error TS1005: ';' expected.
-node test_hash.ts(168,38): error TS1127: Invalid character.
-node test_hash.ts(168,41): error TS1127: Invalid character.
-node test_hash.ts(168,44): error TS1127: Invalid character.
-node test_hash.ts(168,47): error TS1127: Invalid character.
-node test_hash.ts(169,19): error TS1434: Unexpected keyword or identifier.
-node test_hash.ts(169,24): error TS1434: Unexpected keyword or identifier.
-node test_hash.ts(169,27): error TS1434: Unexpected keyword or identifier.
-node test_hash.ts(169,53): error TS1005: ',' expected.
-node test_hash.ts(170,3): error TS1003: Identifier expected.
-node test_hash.ts(170,8): error TS1127: Invalid character.
-node test_hash.ts(170,11): error TS1127: Invalid character.
-node test_hash.ts(170,14): error TS1127: Invalid character.
-node test_hash.ts(170,17): error TS1127: Invalid character.
-node test_hash.ts(170,20): error TS1127: Invalid character.
-node test_hash.ts(170,23): error TS1127: Invalid character.
-node test_hash.ts(170,26): error TS1127: Invalid character.
-node test_hash.ts(170,27): error TS1434: Unexpected keyword or identifier.
-node test_hash.ts(170,28): error TS1128: Declaration or statement expected.
-node test_hash.ts(170,40): error TS1005: ';' expected.
-node test_hash.ts(170,43): error TS1127: Invalid character.
-node test_hash.ts(170,46): error TS1127: Invalid character.
-node test_hash.ts(170,49): error TS1127: Invalid character.
-node test_hash.ts(170,52): error TS1127: Invalid character.
-node test_hash.ts(170,55): error TS1127: Invalid character.
-node test_hash.ts(170,58): error TS1127: Invalid character.
-node test_hash.ts(170,61): error TS1127: Invalid character.
-node test_hash.ts(171,19): error TS1434: Unexpected keyword or identifier.
-node test_hash.ts(171,25): error TS1434: Unexpected keyword or identifier.
-node test_hash.ts(171,42): error TS1005: ',' expected.
-node test_hash.ts(171,50): error TS1005: ',' expected.
-node test_hash.ts(172,3): error TS1003: Identifier expected.
-node test_hash.ts(172,8): error TS1127: Invalid character.
-node test_hash.ts(172,11): error TS1127: Invalid character.
-node test_hash.ts(172,14): error TS1127: Invalid character.
-node test_hash.ts(172,17): error TS1127: Invalid character.
-node test_hash.ts(172,20): error TS1127: Invalid character.
-node test_hash.ts(172,23): error TS1127: Invalid character.
-node test_hash.ts(172,24): error TS1434: Unexpected keyword or identifier.
-node test_hash.ts(172,25): error TS1128: Declaration or statement expected.
-node test_hash.ts(172,37): error TS1005: ';' expected.
-node test_hash.ts(172,40): error TS1127: Invalid character.
-node test_hash.ts(172,43): error TS1127: Invalid character.
-node test_hash.ts(172,46): error TS1127: Invalid character.
-node test_hash.ts(172,49): error TS1127: Invalid character.
-node test_hash.ts(172,52): error TS1127: Invalid character.
-node test_hash.ts(172,55): error TS1127: Invalid character.
-node test_hash.ts(173,19): error TS1434: Unexpected keyword or identifier.
-node test_hash.ts(174,3): error TS1003: Identifier expected.
-node test_hash.ts(174,11): error TS1005: ';' expected.
-node test_hash.ts(174,14): error TS1128: Declaration or statement expected.
-node test_hash.ts(174,26): error TS1005: ';' expected.
-node test_hash.ts(174,35): error TS1005: ';' expected.
-node test_hash.ts(174,44): error TS1005: ';' expected.
-node test_hash.ts(175,19): error TS1434: Unexpected keyword or identifier.
-node test_hash.ts(175,25): error TS1434: Unexpected keyword or identifier.
-node test_hash.ts(175,29): error TS1434: Unexpected keyword or identifier.
-node test_hash.ts(176,3): error TS1003: Identifier expected.
-node test_hash.ts(176,11): error TS1005: ';' expected.
-node test_hash.ts(176,14): error TS1128: Declaration or statement expected.
-node test_hash.ts(176,40): error TS1005: ';' expected.
-node test_hash.ts(177,19): error TS1434: Unexpected keyword or identifier.
-node test_hash.ts(177,32): error TS1005: ';' expected.
-node test_hash.ts(178,3): error TS1003: Identifier expected.
-node test_hash.ts(178,7): error TS1005: ';' expected.
-node test_hash.ts(178,10): error TS1128: Declaration or statement expected.
-node test_hash.ts(178,13): error TS1128: Declaration or statement expected.
-node test_hash.ts(178,14): error TS1128: Declaration or statement expected.
-node test_hash.ts(179,19): error TS1434: Unexpected keyword or identifier.
-node test_hash.ts(179,27): error TS1434: Unexpected keyword or identifier.
-node test_hash.ts(179,36): error TS1434: Unexpected keyword or identifier.
-node test_hash.ts(180,3): error TS1003: Identifier expected.
-node test_hash.ts(180,7): error TS1005: ';' expected.
-node test_hash.ts(180,10): error TS1128: Declaration or statement expected.
-node test_hash.ts(180,13): error TS1128: Declaration or statement expected.
-node test_hash.ts(180,14): error TS1128: Declaration or statement expected.
-node test_hash.ts(181,35): error TS1005: ';' expected.
-node test_hash.ts(181,40): error TS1434: Unexpected keyword or identifier.
-node test_hash.ts(181,46): error TS1434: Unexpected keyword or identifier.
-node test_hash.ts(181,53): error TS1434: Unexpected keyword or identifier.
-node test_hash.ts(182,3): error TS1003: Identifier expected.
-node test_hash.ts(182,8): error TS1127: Invalid character.
-node test_hash.ts(182,11): error TS1127: Invalid character.
-node test_hash.ts(182,14): error TS1127: Invalid character.
-node test_hash.ts(182,15): error TS1434: Unexpected keyword or identifier.
-node test_hash.ts(182,16): error TS1128: Declaration or statement expected.
-node test_hash.ts(182,19): error TS1128: Declaration or statement expected.
-node test_hash.ts(182,20): error TS1128: Declaration or statement expected.
-node test_hash.ts(182,28): error TS1005: ';' expected.
-node test_hash.ts(182,31): error TS1127: Invalid character.
-node test_hash.ts(182,34): error TS1127: Invalid character.
-node test_hash.ts(182,37): error TS1127: Invalid character.
-node test_hash.ts(183,19): error TS1434: Unexpected keyword or identifier.
-node test_hash.ts(183,24): error TS1434: Unexpected keyword or identifier.
-node test_hash.ts(184,3): error TS1003: Identifier expected.
-node test_hash.ts(184,8): error TS1127: Invalid character.
-node test_hash.ts(184,11): error TS1127: Invalid character.
-node test_hash.ts(184,14): error TS1127: Invalid character.
-node test_hash.ts(184,17): error TS1127: Invalid character.
-node test_hash.ts(184,20): error TS1127: Invalid character.
-node test_hash.ts(184,23): error TS1127: Invalid character.
-node test_hash.ts(184,26): error TS1127: Invalid character.
-node test_hash.ts(184,29): error TS1127: Invalid character.
-node test_hash.ts(184,30): error TS1434: Unexpected keyword or identifier.
-node test_hash.ts(184,31): error TS1128: Declaration or statement expected.
-node test_hash.ts(184,43): error TS1005: ';' expected.
-node test_hash.ts(184,46): error TS1127: Invalid character.
-node test_hash.ts(184,49): error TS1127: Invalid character.
-node test_hash.ts(184,52): error TS1127: Invalid character.
-node test_hash.ts(184,55): error TS1127: Invalid character.
-node test_hash.ts(184,58): error TS1127: Invalid character.
-node test_hash.ts(184,61): error TS1127: Invalid character.
-node test_hash.ts(184,64): error TS1127: Invalid character.
-node test_hash.ts(184,67): error TS1127: Invalid character.
-node test_hash.ts(185,19): error TS1434: Unexpected keyword or identifier.
-node test_hash.ts(185,23): error TS1434: Unexpected keyword or identifier.
-node test_hash.ts(185,26): error TS1434: Unexpected keyword or identifier.
-node test_hash.ts(185,36): error TS1434: Unexpected keyword or identifier.
-node test_hash.ts(186,3): error TS1003: Identifier expected.
-node test_hash.ts(186,11): error TS1005: ';' expected.
-node test_hash.ts(186,14): error TS1128: Declaration or statement expected.
-node test_hash.ts(186,40): error TS1005: ';' expected.
-node test_hash.ts(187,19): error TS1434: Unexpected keyword or identifier.
-node test_hash.ts(187,26): error TS1434: Unexpected keyword or identifier.
-node test_hash.ts(187,35): error TS1434: Unexpected keyword or identifier.
-node test_hash.ts(188,3): error TS1003: Identifier expected.
-node test_hash.ts(188,7): error TS1005: ';' expected.
-node test_hash.ts(188,10): error TS1128: Declaration or statement expected.
-node test_hash.ts(188,13): error TS1128: Declaration or statement expected.
-node test_hash.ts(188,14): error TS1128: Declaration or statement expected.
-node test_hash.ts(189,19): error TS1434: Unexpected keyword or identifier.
-node test_hash.ts(189,27): error TS1434: Unexpected keyword or identifier.
-node test_hash.ts(189,31): error TS1434: Unexpected keyword or identifier.
-node test_hash.ts(189,39): error TS1434: Unexpected keyword or identifier.
-node test_hash.ts(189,46): error TS1434: Unexpected keyword or identifier.
-node test_hash.ts(190,3): error TS1003: Identifier expected.
-node test_hash.ts(190,7): error TS1005: ';' expected.
-node test_hash.ts(190,10): error TS1128: Declaration or statement expected.
-node test_hash.ts(190,13): error TS1128: Declaration or statement expected.
-node test_hash.ts(190,14): error TS1128: Declaration or statement expected.
-node test_hash.ts(191,19): error TS1434: Unexpected keyword or identifier.
-node test_hash.ts(191,29): error TS1434: Unexpected keyword or identifier.
-node test_hash.ts(191,44): error TS1005: ';' expected.
-node test_hash.ts(192,3): error TS1003: Identifier expected.
-node test_hash.ts(192,7): error TS1005: ';' expected.
-node test_hash.ts(192,10): error TS1128: Declaration or statement expected.
-node test_hash.ts(192,13): error TS1128: Declaration or statement expected.
-node test_hash.ts(192,14): error TS1128: Declaration or statement expected.
-node test_hash.ts(193,19): error TS1434: Unexpected keyword or identifier.
-node test_hash.ts(193,29): error TS1434: Unexpected keyword or identifier.
-node test_hash.ts(193,44): error TS1005: ';' expected.
-node test_hash.ts(193,50): error TS1434: Unexpected keyword or identifier.
-node test_hash.ts(193,54): error TS1435: Unknown keyword or identifier. Did you mean 'for ward'?
-node test_hash.ts(194,3): error TS1003: Identifier expected.
-node test_hash.ts(194,8): error TS1127: Invalid character.
-node test_hash.ts(194,11): error TS1109: Expression expected.
-node test_hash.ts(194,12): error TS1109: Expression expected.
-node test_hash.ts(194,15): error TS1128: Declaration or statement expected.
-node test_hash.ts(194,16): error TS1128: Declaration or statement expected.
-node test_hash.ts(194,25): error TS1005: ';' expected.
-node test_hash.ts(194,28): error TS1127: Invalid character.
-node test_hash.ts(194,31): error TS1109: Expression expected.
-node test_hash.ts(194,32): error TS1109: Expression expected.
-node test_hash.ts(194,35): error TS1109: Expression expected.
-node test_hash.ts(194,36): error TS1005: ';' expected.
-node test_hash.ts(195,19): error TS1435: Unknown keyword or identifier. Did you mean 'set'?
-node test_hash.ts(195,23): error TS1434: Unexpected keyword or identifier.
-node test_hash.ts(196,3): error TS1003: Identifier expected.
-node test_hash.ts(196,7): error TS1005: ';' expected.
-node test_hash.ts(196,10): error TS1128: Declaration or statement expected.
-node test_hash.ts(196,13): error TS1128: Declaration or statement expected.
-node test_hash.ts(196,14): error TS1128: Declaration or statement expected.
-node test_hash.ts(197,19): error TS1434: Unexpected keyword or identifier.
-node test_hash.ts(197,57): error TS1002: Unterminated string literal.
-node test_hash.ts(198,8): error TS1127: Invalid character.
-node test_hash.ts(198,9): error TS1434: Unexpected keyword or identifier.
-node test_hash.ts(198,10): error TS1128: Declaration or statement expected.
-node test_hash.ts(198,13): error TS1128: Declaration or statement expected.
-node test_hash.ts(198,16): error TS1128: Declaration or statement expected.
-node test_hash.ts(198,36): error TS1005: ';' expected.
-node test_hash.ts(198,39): error TS1127: Invalid character.
-node test_hash.ts(199,19): error TS1434: Unexpected keyword or identifier.
-node test_hash.ts(199,27): error TS1434: Unexpected keyword or identifier.
-node test_hash.ts(200,3): error TS1003: Identifier expected.
-node test_hash.ts(200,8): error TS1127: Invalid character.
-node test_hash.ts(200,9): error TS1434: Unexpected keyword or identifier.
-node test_hash.ts(200,10): error TS1128: Declaration or statement expected.
-node test_hash.ts(200,13): error TS1128: Declaration or statement expected.
-node test_hash.ts(200,16): error TS1128: Declaration or statement expected.
-node test_hash.ts(200,27): error TS1005: ';' expected.
-node test_hash.ts(200,30): error TS1127: Invalid character.
-node test_hash.ts(201,19): error TS1435: Unknown keyword or identifier. Did you mean 'set'?
-node test_hash.ts(201,23): error TS1434: Unexpected keyword or identifier.
-node test_hash.ts(201,28): error TS1434: Unexpected keyword or identifier.
-node test_hash.ts(202,3): error TS1003: Identifier expected.
-node test_hash.ts(202,40): error TS1002: Unterminated string literal.
-node test_hash.ts(203,19): error TS1435: Unknown keyword or identifier. Did you mean 'set'?
-node test_hash.ts(203,23): error TS1434: Unexpected keyword or identifier.
-node test_hash.ts(203,29): error TS1434: Unexpected keyword or identifier.
-node test_hash.ts(204,3): error TS1003: Identifier expected.
-node test_hash.ts(204,7): error TS1109: Expression expected.
-node test_hash.ts(204,10): error TS1128: Declaration or statement expected.
-node test_hash.ts(204,13): error TS1128: Declaration or statement expected.
-node test_hash.ts(204,14): error TS1128: Declaration or statement expected.
-node test_hash.ts(205,19): error TS1434: Unexpected keyword or identifier.
-node test_hash.ts(205,58): error TS1002: Unterminated string literal.
-node test_hash.ts(206,4): error TS1127: Invalid character.
-node test_hash.ts(206,8): error TS1127: Invalid character.
-node test_hash.ts(206,9): error TS1434: Unexpected keyword or identifier.
-node test_hash.ts(206,10): error TS1128: Declaration or statement expected.
-node test_hash.ts(206,13): error TS1128: Declaration or statement expected.
-node test_hash.ts(206,16): error TS1128: Declaration or statement expected.
-node test_hash.ts(206,26): error TS1005: ';' expected.
-node test_hash.ts(206,29): error TS1127: Invalid character.
-node test_hash.ts(207,19): error TS1435: Unknown keyword or identifier. Did you mean 'set'?
-node test_hash.ts(207,23): error TS1434: Unexpected keyword or identifier.
-node test_hash.ts(207,34): error TS1434: Unexpected keyword or identifier.
-node test_hash.ts(207,57): error TS1005: ',' expected.
-node test_hash.ts(207,62): error TS1005: ',' expected.
-node test_hash.ts(207,69): error TS1005: ',' expected.
-node test_hash.ts(208,17): error TS1003: Identifier expected.
-node test_hash.ts(209,19): error TS1434: Unexpected keyword or identifier.
-node test_hash.ts(209,33): error TS1434: Unexpected keyword or identifier.
-node test_hash.ts(209,43): error TS1434: Unexpected keyword or identifier.
-node test_hash.ts(209,47): error TS1434: Unexpected keyword or identifier.
-node test_hash.ts(209,52): error TS1434: Unexpected keyword or identifier.
-node test_hash.ts(209,55): error TS1434: Unexpected keyword or identifier.
-node test_hash.ts(209,59): error TS1434: Unexpected keyword or identifier.
-node test_hash.ts(210,17): error TS1003: Identifier expected.
-node test_hash.ts(211,19): error TS1434: Unexpected keyword or identifier.
-node test_hash.ts(211,23): error TS1434: Unexpected keyword or identifier.
-node test_hash.ts(211,25): error TS1434: Unexpected keyword or identifier.
-node test_hash.ts(211,33): error TS1434: Unexpected keyword or identifier.
-node test_hash.ts(211,41): error TS1434: Unexpected keyword or identifier.
-node test_hash.ts(211,50): error TS1005: '(' expected.
-node test_hash.ts(211,54): error TS1005: ')' expected.
-node test_hash.ts(211,60): error TS1434: Unexpected keyword or identifier.
-node test_hash.ts(211,65): error TS1228: A type predicate is only allowed in return type position for functions and methods.
-node test_hash.ts(212,17): error TS1003: Identifier expected.
-node test_hash.ts(213,19): error TS1434: Unexpected keyword or identifier.
-node test_hash.ts(213,39): error TS1005: ';' expected.
-node test_hash.ts(213,47): error TS1434: Unexpected keyword or identifier.
-node test_hash.ts(213,57): error TS1228: A type predicate is only allowed in return type position for functions and methods.
-node test_hash.ts(213,68): error TS1109: Expression expected.
-node test_hash.ts(214,17): error TS1003: Identifier expected.
-node test_hash.ts(214,33): error TS1005: ';' expected.
-node test_hash.ts(215,19): error TS1435: Unknown keyword or identifier. Did you mean 'set'?
-node test_hash.ts(215,23): error TS1434: Unexpected keyword or identifier.
-node test_hash.ts(215,27): error TS1435: Unknown keyword or identifier. Did you mean 'with'?
-node test_hash.ts(215,33): error TS1434: Unexpected keyword or identifier.
-node test_hash.ts(215,43): error TS1005: ';' expected.
-node test_hash.ts(215,48): error TS1434: Unexpected keyword or identifier.
-node test_hash.ts(215,55): error TS1435: Unknown keyword or identifier. Did you mean 'yield'?
-node test_hash.ts(215,61): error TS1434: Unexpected keyword or identifier.
-node test_hash.ts(215,64): error TS1434: Unexpected keyword or identifier.
-node test_hash.ts(216,17): error TS1003: Identifier expected.
-node test_hash.ts(217,19): error TS1434: Unexpected keyword or identifier.
-node test_hash.ts(217,26): error TS1434: Unexpected keyword or identifier.
-node test_hash.ts(218,17): error TS1003: Identifier expected.
-node test_hash.ts(219,19): error TS1434: Unexpected keyword or identifier.
-node test_hash.ts(219,65): error TS1002: Unterminated string literal.
-node test_hash.ts(221,19): error TS1434: Unexpected keyword or identifier.
-node test_hash.ts(221,26): error TS1434: Unexpected keyword or identifier.
-node test_hash.ts(221,37): error TS1434: Unexpected keyword or identifier.
-node test_hash.ts(221,42): error TS1434: Unexpected keyword or identifier.
-node test_hash.ts(222,17): error TS1003: Identifier expected.
-node test_hash.ts(222,26): error TS1005: ';' expected.
-node test_hash.ts(223,19): error TS1435: Unknown keyword or identifier. Did you mean 'set'?
-node test_hash.ts(223,23): error TS1434: Unexpected keyword or identifier.
-node test_hash.ts(223,27): error TS1434: Unexpected keyword or identifier.
-node test_hash.ts(223,37): error TS1434: Unexpected keyword or identifier.
-node test_hash.ts(223,42): error TS1434: Unexpected keyword or identifier.
-node test_hash.ts(223,45): error TS1434: Unexpected keyword or identifier.
-node test_hash.ts(223,50): error TS1434: Unexpected keyword or identifier.
-node test_hash.ts(224,17): error TS1003: Identifier expected.
-node test_hash.ts(225,19): error TS1434: Unexpected keyword or identifier.
-node test_hash.ts(225,26): error TS1434: Unexpected keyword or identifier.
-node test_hash.ts(225,32): error TS1434: Unexpected keyword or identifier.
-node test_hash.ts(225,39): error TS1434: Unexpected keyword or identifier.
-node test_hash.ts(225,51): error TS1434: Unexpected keyword or identifier.
-node test_hash.ts(226,17): error TS1003: Identifier expected.
-node test_hash.ts(226,35): error TS1005: ';' expected.
-node test_hash.ts(227,19): error TS1435: Unknown keyword or identifier. Did you mean 'set'?
-node test_hash.ts(227,23): error TS1434: Unexpected keyword or identifier.
-node test_hash.ts(227,27): error TS1435: Unknown keyword or identifier. Did you mean 'with'?
-node test_hash.ts(227,33): error TS1434: Unexpected keyword or identifier.
-node test_hash.ts(227,43): error TS1005: ';' expected.
-node test_hash.ts(227,50): error TS1434: Unexpected keyword or identifier.
-node test_hash.ts(227,57): error TS1434: Unexpected keyword or identifier.
-node test_hash.ts(227,60): error TS1434: Unexpected keyword or identifier.
-node test_hash.ts(228,17): error TS1003: Identifier expected.
-node test_hash.ts(229,19): error TS1434: Unexpected keyword or identifier.
-node test_hash.ts(229,30): error TS1434: Unexpected keyword or identifier.
-node test_hash.ts(229,38): error TS1434: Unexpected keyword or identifier.
-node test_hash.ts(229,62): error TS1005: ';' expected.
-node test_hash.ts(230,17): error TS1003: Identifier expected.
-node test_hash.ts(231,19): error TS1434: Unexpected keyword or identifier.
-node test_hash.ts(231,27): error TS1434: Unexpected keyword or identifier.
-node test_hash.ts(232,17): error TS1003: Identifier expected.
-node test_hash.ts(232,30): error TS1005: ';' expected.
-node test_hash.ts(233,19): error TS1434: Unexpected keyword or identifier.
-node test_hash.ts(233,24): error TS1434: Unexpected keyword or identifier.
-node test_hash.ts(233,30): error TS1434: Unexpected keyword or identifier.
-node test_hash.ts(233,33): error TS1434: Unexpected keyword or identifier.
-node test_hash.ts(233,37): error TS1434: Unexpected keyword or identifier.
-node test_hash.ts(233,43): error TS1434: Unexpected keyword or identifier.
-node test_hash.ts(233,49): error TS1434: Unexpected keyword or identifier.
-node test_hash.ts(233,55): error TS1434: Unexpected keyword or identifier.
-node test_hash.ts(236,2): error TS1003: Identifier expected.
-node test_hash.ts(236,4): error TS1109: Expression expected.
-node test_hash.ts(236,6): error TS1109: Expression expected.
-node test_hash.ts(236,8): error TS1109: Expression expected.
-node test_hash.ts(236,10): error TS1109: Expression expected.
-node test_hash.ts(236,12): error TS1109: Expression expected.
-node test_hash.ts(236,14): error TS1109: Expression expected.
-node test_hash.ts(236,16): error TS1109: Expression expected.
-node test_hash.ts(236,18): error TS1109: Expression expected.
-node test_hash.ts(236,20): error TS1109: Expression expected.
-node test_hash.ts(236,22): error TS1109: Expression expected.
-node test_hash.ts(236,24): error TS1109: Expression expected.
-node test_hash.ts(236,26): error TS1109: Expression expected.
-node test_hash.ts(236,28): error TS1109: Expression expected.
-node test_hash.ts(236,30): error TS1109: Expression expected.
-node test_hash.ts(236,32): error TS1109: Expression expected.
-node test_hash.ts(236,34): error TS1109: Expression expected.
-node test_hash.ts(236,36): error TS1109: Expression expected.
-node test_hash.ts(236,38): error TS1109: Expression expected.
-node test_hash.ts(236,40): error TS1109: Expression expected.
-node test_hash.ts(236,42): error TS1109: Expression expected.
-node test_hash.ts(236,44): error TS1109: Expression expected.
-node test_hash.ts(236,46): error TS1109: Expression expected.
-node test_hash.ts(236,48): error TS1109: Expression expected.
-node test_hash.ts(236,50): error TS1109: Expression expected.
-node test_hash.ts(236,52): error TS1109: Expression expected.
-node test_hash.ts(236,54): error TS1109: Expression expected.
-node test_hash.ts(236,56): error TS1109: Expression expected.
-node test_hash.ts(236,58): error TS1109: Expression expected.
-node test_hash.ts(236,60): error TS1109: Expression expected.
-node test_hash.ts(236,62): error TS1109: Expression expected.
-node test_hash.ts(236,64): error TS1109: Expression expected.
-node test_hash.ts(236,66): error TS1109: Expression expected.
-node test_hash.ts(236,68): error TS1109: Expression expected.
-node test_hash.ts(236,70): error TS1109: Expression expected.
-node test_hash.ts(236,72): error TS1109: Expression expected.
-node test_hash.ts(236,74): error TS1109: Expression expected.
-node test_hash.ts(236,76): error TS1109: Expression expected.
-node test_hash.ts(238,28): error TS1127: Invalid character.
-node test_hash.ts(238,31): error TS1127: Invalid character.
-node test_hash.ts(238,34): error TS1127: Invalid character.
-node test_hash.ts(238,37): error TS1127: Invalid character.
-node test_hash.ts(238,38): error TS1434: Unexpected keyword or identifier.
-node test_hash.ts(238,41): error TS1127: Invalid character.
-node test_hash.ts(238,44): error TS1127: Invalid character.
-node test_hash.ts(238,47): error TS1127: Invalid character.
-node test_hash.ts(238,50): error TS1127: Invalid character.
-node test_hash.ts(238,53): error TS1127: Invalid character.
-node test_hash.ts(238,56): error TS1127: Invalid character.
-node test_hash.ts(238,59): error TS1127: Invalid character.
-node test_hash.ts(240,9): error TS1434: Unexpected keyword or identifier.
-node test_hash.ts(240,15): error TS1434: Unexpected keyword or identifier.
-node test_hash.ts(240,20): error TS1434: Unexpected keyword or identifier.
-node test_hash.ts(240,24): error TS1434: Unexpected keyword or identifier.
-node test_hash.ts(240,27): error TS1434: Unexpected keyword or identifier.
-node test_hash.ts(240,32): error TS1434: Unexpected keyword or identifier.
-node test_hash.ts(240,35): error TS1434: Unexpected keyword or identifier.
-node test_hash.ts(240,40): error TS1434: Unexpected keyword or identifier.
-node test_hash.ts(240,45): error TS1434: Unexpected keyword or identifier.
-node test_hash.ts(241,9): error TS1434: Unexpected keyword or identifier.
-node test_hash.ts(241,12): error TS1434: Unexpected keyword or identifier.
-node test_hash.ts(241,31): error TS1005: ';' expected.
-node test_hash.ts(241,34): error TS1434: Unexpected keyword or identifier.
-node test_hash.ts(241,38): error TS1434: Unexpected keyword or identifier.
-node test_hash.ts(241,45): error TS1434: Unexpected keyword or identifier.
-node test_hash.ts(241,48): error TS1434: Unexpected keyword or identifier.
-node test_hash.ts(243,13): error TS1005: ';' expected.
-node test_hash.ts(243,16): error TS1128: Declaration or statement expected.
-node test_hash.ts(243,19): error TS1128: Declaration or statement expected.
-node test_hash.ts(243,22): error TS1128: Declaration or statement expected.
-node test_hash.ts(243,25): error TS1128: Declaration or statement expected.
-node test_hash.ts(243,28): error TS1128: Declaration or statement expected.
-node test_hash.ts(243,31): error TS1128: Declaration or statement expected.
-node test_hash.ts(243,41): error TS1005: ';' expected.
-node test_hash.ts(243,45): error TS1434: Unexpected keyword or identifier.
-node test_hash.ts(243,50): error TS1434: Unexpected keyword or identifier.
-node test_hash.ts(243,57): error TS1434: Unexpected keyword or identifier.
-node test_hash.ts(243,63): error TS1434: Unexpected keyword or identifier.
-node test_hash.ts(244,12): error TS1005: ';' expected.
-node test_hash.ts(244,15): error TS1128: Declaration or statement expected.
-node test_hash.ts(244,18): error TS1128: Declaration or statement expected.
-node test_hash.ts(244,21): error TS1128: Declaration or statement expected.
-node test_hash.ts(244,24): error TS1128: Declaration or statement expected.
-node test_hash.ts(244,27): error TS1128: Declaration or statement expected.
-node test_hash.ts(244,30): error TS1128: Declaration or statement expected.
-node test_hash.ts(244,33): error TS1128: Declaration or statement expected.
-node test_hash.ts(244,41): error TS1005: ';' expected.
-node test_hash.ts(244,45): error TS1434: Unexpected keyword or identifier.
-node test_hash.ts(244,50): error TS1434: Unexpected keyword or identifier.
-node test_hash.ts(244,57): error TS1435: Unknown keyword or identifier. Did you mean 'let'?
-node test_hash.ts(244,62): error TS1434: Unexpected keyword or identifier.
-node test_hash.ts(245,19): error TS1005: ';' expected.
-node test_hash.ts(245,35): error TS1005: ';' expected.
-node test_hash.ts(245,41): error TS1005: ';' expected.
-node test_hash.ts(245,45): error TS1434: Unexpected keyword or identifier.
-node test_hash.ts(245,50): error TS1434: Unexpected keyword or identifier.
-node test_hash.ts(245,57): error TS1434: Unexpected keyword or identifier.
-node test_hash.ts(245,63): error TS1434: Unexpected keyword or identifier.
-node test_hash.ts(246,19): error TS1005: ';' expected.
-node test_hash.ts(246,35): error TS1005: ';' expected.
-node test_hash.ts(246,41): error TS1005: ';' expected.
-node test_hash.ts(246,45): error TS1434: Unexpected keyword or identifier.
-node test_hash.ts(246,50): error TS1434: Unexpected keyword or identifier.
-node test_hash.ts(246,57): error TS1435: Unknown keyword or identifier. Did you mean 'let'?
-node test_hash.ts(246,62): error TS1434: Unexpected keyword or identifier.
-node test_hash.ts(247,7): error TS1005: ';' expected.
-node test_hash.ts(247,10): error TS1128: Declaration or statement expected.
-node test_hash.ts(247,13): error TS1128: Declaration or statement expected.
-node test_hash.ts(247,16): error TS1128: Declaration or statement expected.
-node test_hash.ts(247,19): error TS1128: Declaration or statement expected.
-node test_hash.ts(247,22): error TS1128: Declaration or statement expected.
-node test_hash.ts(247,25): error TS1128: Declaration or statement expected.
-node test_hash.ts(247,28): error TS1128: Declaration or statement expected.
-node test_hash.ts(247,31): error TS1128: Declaration or statement expected.
-node test_hash.ts(247,41): error TS1005: ';' expected.
-node test_hash.ts(247,45): error TS1434: Unexpected keyword or identifier.
-node test_hash.ts(247,50): error TS1434: Unexpected keyword or identifier.
-node test_hash.ts(247,57): error TS1434: Unexpected keyword or identifier.
-node test_hash.ts(247,60): error TS1434: Unexpected keyword or identifier.
-node test_hash.ts(247,66): error TS1434: Unexpected keyword or identifier.
-node test_hash.ts(248,6): error TS1005: ';' expected.
-node test_hash.ts(248,9): error TS1128: Declaration or statement expected.
-node test_hash.ts(248,12): error TS1128: Declaration or statement expected.
-node test_hash.ts(248,15): error TS1128: Declaration or statement expected.
-node test_hash.ts(248,18): error TS1128: Declaration or statement expected.
-node test_hash.ts(248,21): error TS1128: Declaration or statement expected.
-node test_hash.ts(248,24): error TS1128: Declaration or statement expected.
-node test_hash.ts(248,27): error TS1128: Declaration or statement expected.
-node test_hash.ts(248,30): error TS1128: Declaration or statement expected.
-node test_hash.ts(248,33): error TS1128: Declaration or statement expected.
-node test_hash.ts(248,41): error TS1005: ';' expected.
-node test_hash.ts(248,45): error TS1434: Unexpected keyword or identifier.
-node test_hash.ts(248,50): error TS1434: Unexpected keyword or identifier.
-node test_hash.ts(248,57): error TS1434: Unexpected keyword or identifier.
-node test_hash.ts(248,60): error TS1434: Unexpected keyword or identifier.
-node test_hash.ts(248,64): error TS1434: Unexpected keyword or identifier.
-node test_hash.ts(249,12): error TS1005: ';' expected.
-node test_hash.ts(249,15): error TS1128: Declaration or statement expected.
-node test_hash.ts(249,18): error TS1128: Declaration or statement expected.
-node test_hash.ts(249,21): error TS1128: Declaration or statement expected.
-node test_hash.ts(249,24): error TS1128: Declaration or statement expected.
-node test_hash.ts(249,27): error TS1128: Declaration or statement expected.
-node test_hash.ts(249,30): error TS1128: Declaration or statement expected.
-node test_hash.ts(249,33): error TS1128: Declaration or statement expected.
-node test_hash.ts(249,36): error TS1128: Declaration or statement expected.
-node test_hash.ts(249,39): error TS1128: Declaration or statement expected.
-node test_hash.ts(249,42): error TS1128: Declaration or statement expected.
-node test_hash.ts(249,43): error TS1128: Declaration or statement expected.
-node test_hash.ts(249,45): error TS1435: Unknown keyword or identifier. Did you mean 'delete'?
-node test_hash.ts(249,52): error TS1434: Unexpected keyword or identifier.
-node test_hash.ts(249,57): error TS1434: Unexpected keyword or identifier.
-node test_hash.ts(249,60): error TS1435: Unknown keyword or identifier. Did you mean 'let'?
-node test_hash.ts(249,65): error TS1434: Unexpected keyword or identifier.
-node test_hash.ts(250,9): error TS1005: ';' expected.
-node test_hash.ts(250,12): error TS1128: Declaration or statement expected.
-node test_hash.ts(250,15): error TS1128: Declaration or statement expected.
-node test_hash.ts(250,18): error TS1128: Declaration or statement expected.
-node test_hash.ts(250,21): error TS1128: Declaration or statement expected.
-node test_hash.ts(250,24): error TS1128: Declaration or statement expected.
-node test_hash.ts(250,27): error TS1128: Declaration or statement expected.
-node test_hash.ts(250,30): error TS1128: Declaration or statement expected.
-node test_hash.ts(250,33): error TS1128: Declaration or statement expected.
-node test_hash.ts(250,41): error TS1005: ';' expected.
-node test_hash.ts(250,45): error TS1435: Unknown keyword or identifier. Did you mean 'delete'?
-node test_hash.ts(250,52): error TS1434: Unexpected keyword or identifier.
-node test_hash.ts(250,57): error TS1434: Unexpected keyword or identifier.
-node test_hash.ts(251,19): error TS1005: ';' expected.
-node test_hash.ts(251,33): error TS1005: ';' expected.
-node test_hash.ts(251,36): error TS1128: Declaration or statement expected.
-node test_hash.ts(251,39): error TS1128: Declaration or statement expected.
-node test_hash.ts(251,42): error TS1128: Declaration or statement expected.
-node test_hash.ts(251,43): error TS1128: Declaration or statement expected.
-node test_hash.ts(251,45): error TS1435: Unknown keyword or identifier. Did you mean 'delete'?
-node test_hash.ts(251,52): error TS1434: Unexpected keyword or identifier.
-node test_hash.ts(251,57): error TS1434: Unexpected keyword or identifier.
-node test_hash.ts(251,60): error TS1435: Unknown keyword or identifier. Did you mean 'let'?
-node test_hash.ts(251,65): error TS1434: Unexpected keyword or identifier.
-node test_hash.ts(252,14): error TS1005: ';' expected.
-node test_hash.ts(252,17): error TS1128: Declaration or statement expected.
-node test_hash.ts(252,30): error TS1005: ';' expected.
-node test_hash.ts(252,33): error TS1128: Declaration or statement expected.
-node test_hash.ts(252,41): error TS1005: ';' expected.
-node test_hash.ts(252,45): error TS1435: Unknown keyword or identifier. Did you mean 'delete'?
-node test_hash.ts(252,52): error TS1434: Unexpected keyword or identifier.
-node test_hash.ts(252,57): error TS1434: Unexpected keyword or identifier.
-node test_hash.ts(253,9): error TS1005: ';' expected.
-node test_hash.ts(253,12): error TS1128: Declaration or statement expected.
-node test_hash.ts(253,15): error TS1128: Declaration or statement expected.
-node test_hash.ts(253,31): error TS1005: ',' expected.
-node test_hash.ts(253,37): error TS1005: ';' expected.
-node test_hash.ts(253,40): error TS1128: Declaration or statement expected.
-node test_hash.ts(253,43): error TS1128: Declaration or statement expected.
-node test_hash.ts(253,45): error TS1435: Unknown keyword or identifier. Did you mean 'delete'?
-node test_hash.ts(253,52): error TS1434: Unexpected keyword or identifier.
-node test_hash.ts(254,10): error TS1005: ';' expected.
-node test_hash.ts(254,13): error TS1128: Declaration or statement expected.
-node test_hash.ts(254,16): error TS1128: Declaration or statement expected.
-node test_hash.ts(254,19): error TS1128: Declaration or statement expected.
-node test_hash.ts(254,22): error TS1128: Declaration or statement expected.
-node test_hash.ts(254,25): error TS1128: Declaration or statement expected.
-node test_hash.ts(254,28): error TS1128: Declaration or statement expected.
-node test_hash.ts(254,31): error TS1128: Declaration or statement expected.
-node test_hash.ts(254,41): error TS1005: ';' expected.
-node test_hash.ts(254,45): error TS1434: Unexpected keyword or identifier.
-node test_hash.ts(254,54): error TS1434: Unexpected keyword or identifier.
-node test_hash.ts(254,63): error TS1434: Unexpected keyword or identifier.
-node test_hash.ts(255,12): error TS1005: ';' expected.
-node test_hash.ts(255,15): error TS1128: Declaration or statement expected.
-node test_hash.ts(255,18): error TS1128: Declaration or statement expected.
-node test_hash.ts(255,21): error TS1128: Declaration or statement expected.
-node test_hash.ts(255,24): error TS1128: Declaration or statement expected.
-node test_hash.ts(255,27): error TS1128: Declaration or statement expected.
-node test_hash.ts(255,30): error TS1128: Declaration or statement expected.
-node test_hash.ts(255,33): error TS1128: Declaration or statement expected.
-node test_hash.ts(255,41): error TS1005: ';' expected.
-node test_hash.ts(255,45): error TS1434: Unexpected keyword or identifier.
-node test_hash.ts(255,54): error TS1434: Unexpected keyword or identifier.
-node test_hash.ts(255,59): error TS1434: Unexpected keyword or identifier.
-node test_hash.ts(256,6): error TS1005: ';' expected.
-node test_hash.ts(256,9): error TS1128: Declaration or statement expected.
-node test_hash.ts(256,12): error TS1128: Declaration or statement expected.
-node test_hash.ts(256,15): error TS1128: Declaration or statement expected.
-node test_hash.ts(256,18): error TS1128: Declaration or statement expected.
-node test_hash.ts(256,21): error TS1128: Declaration or statement expected.
-node test_hash.ts(256,24): error TS1128: Declaration or statement expected.
-node test_hash.ts(256,27): error TS1128: Declaration or statement expected.
-node test_hash.ts(256,30): error TS1128: Declaration or statement expected.
-node test_hash.ts(256,33): error TS1128: Declaration or statement expected.
-node test_hash.ts(256,36): error TS1128: Declaration or statement expected.
-node test_hash.ts(256,39): error TS1128: Declaration or statement expected.
-node test_hash.ts(256,42): error TS1128: Declaration or statement expected.
-node test_hash.ts(256,43): error TS1128: Declaration or statement expected.
-node test_hash.ts(256,45): error TS1434: Unexpected keyword or identifier.
-node test_hash.ts(257,12): error TS1005: ';' expected.
-node test_hash.ts(257,15): error TS1128: Declaration or statement expected.
-node test_hash.ts(257,18): error TS1128: Declaration or statement expected.
-node test_hash.ts(257,21): error TS1128: Declaration or statement expected.
-node test_hash.ts(257,24): error TS1128: Declaration or statement expected.
-node test_hash.ts(257,27): error TS1128: Declaration or statement expected.
-node test_hash.ts(257,30): error TS1128: Declaration or statement expected.
-node test_hash.ts(257,33): error TS1128: Declaration or statement expected.
-node test_hash.ts(257,45): error TS1005: ';' expected.
-node test_hash.ts(257,73): error TS1005: ';' expected.
-node test_hash.ts(258,9): error TS1005: ';' expected.
-node test_hash.ts(258,12): error TS1128: Declaration or statement expected.
-node test_hash.ts(258,15): error TS1128: Declaration or statement expected.
-node test_hash.ts(258,18): error TS1128: Declaration or statement expected.
-node test_hash.ts(258,21): error TS1128: Declaration or statement expected.
-node test_hash.ts(258,24): error TS1128: Declaration or statement expected.
-node test_hash.ts(258,27): error TS1128: Declaration or statement expected.
-node test_hash.ts(258,30): error TS1128: Declaration or statement expected.
-node test_hash.ts(258,33): error TS1128: Declaration or statement expected.
-node test_hash.ts(258,36): error TS1128: Declaration or statement expected.
-node test_hash.ts(258,39): error TS1128: Declaration or statement expected.
-node test_hash.ts(258,42): error TS1128: Declaration or statement expected.
-node test_hash.ts(258,43): error TS1128: Declaration or statement expected.
-node test_hash.ts(258,45): error TS1434: Unexpected keyword or identifier.
-node test_hash.ts(258,69): error TS1005: ';' expected.
-node test_hash.ts(258,73): error TS1003: Identifier expected.
-node test_hash.ts(259,1): error TS1005: '}' expected.
-node update_pass.ts(2,21): error TS1127: Invalid character.
-node update_pass.ts(2,24): error TS1127: Invalid character.
-node update_pass.ts(2,27): error TS1127: Invalid character.
-node update_pass.ts(2,30): error TS1127: Invalid character.
-node update_pass.ts(2,33): error TS1127: Invalid character.
-node update_pass.ts(2,36): error TS1127: Invalid character.
-node update_pass.ts(2,39): error TS1127: Invalid character.
-node update_pass.ts(2,40): error TS1434: Unexpected keyword or identifier.
-node update_pass.ts(2,43): error TS1127: Invalid character.
-node update_pass.ts(2,46): error TS1127: Invalid character.
-node update_pass.ts(2,47): error TS1434: Unexpected keyword or identifier.
-node update_pass.ts(2,50): error TS1127: Invalid character.
-node update_pass.ts(2,53): error TS1127: Invalid character.
-node update_pass.ts(2,56): error TS1127: Invalid character.
-node update_pass.ts(2,59): error TS1127: Invalid character.
-node update_pass.ts(2,60): error TS1434: Unexpected keyword or identifier.
-node update_pass.ts(2,63): error TS1127: Invalid character.
-node update_pass.ts(2,66): error TS1127: Invalid character.
-node update_pass.ts(2,69): error TS1127: Invalid character.
-node update_pass.ts(2,72): error TS1127: Invalid character.
-node update_pass.ts(2,75): error TS1127: Invalid character.
-node update_pass.ts(2,78): error TS1127: Invalid character.
-node update_pass.ts(2,81): error TS1127: Invalid character.
-node update_pass.ts(2,84): error TS1127: Invalid character.
-node update_pass.ts(4,7): error TS1434: Unexpected keyword or identifier.
-node update_pass.ts(4,16): error TS1434: Unexpected keyword or identifier.
-node update_pass.ts(4,28): error TS1005: '(' expected.
-node update_pass.ts(4,34): error TS1005: ')' expected.
-node update_pass.ts(4,37): error TS1434: Unexpected keyword or identifier.
-node update_pass.ts(4,46): error TS1434: Unexpected keyword or identifier.
-node update_pass.ts(4,49): error TS1434: Unexpected keyword or identifier.
-node update_pass.ts(4,60): error TS1127: Invalid character.
-node update_pass.ts(4,63): error TS1003: Identifier expected.
-node update_pass.ts(5,28): error TS1005: ';' expected.
-node update_pass.ts(5,37): error TS1434: Unexpected keyword or identifier.
-node update_pass.ts(5,41): error TS1434: Unexpected keyword or identifier.
-node update_pass.ts(5,53): error TS1005: '(' expected.
-node update_pass.ts(5,54): error TS1127: Invalid character.
-node update_pass.ts(5,55): error TS1434: Unexpected keyword or identifier.
-node update_pass.ts(5,57): error TS1228: A type predicate is only allowed in return type position for functions and methods.
-node update_pass.ts(5,66): error TS1003: Identifier expected.
-node update_pass.ts(6,7): error TS1434: Unexpected keyword or identifier.
-node update_pass.ts(6,9): error TS1434: Unexpected keyword or identifier.
-node update_pass.ts(6,13): error TS1434: Unexpected keyword or identifier.
-node update_pass.ts(6,22): error TS1434: Unexpected keyword or identifier.
-node update_pass.ts(6,25): error TS1434: Unexpected keyword or identifier.
-node update_pass.ts(6,27): error TS1434: Unexpected keyword or identifier.
-node update_pass.ts(6,33): error TS1434: Unexpected keyword or identifier.
-node update_pass.ts(6,43): error TS1434: Unexpected keyword or identifier.
-node update_pass.ts(6,47): error TS1434: Unexpected keyword or identifier.
-node update_pass.ts(6,65): error TS1005: ';' expected.
-node update_pass.ts(6,75): error TS1003: Identifier expected.
-node update_pass.ts(8,3): error TS1434: Unexpected keyword or identifier.
-node update_pass.ts(8,6): error TS1434: Unexpected keyword or identifier.
-node update_pass.ts(8,24): error TS1434: Unexpected keyword or identifier.
-node update_pass.ts(8,37): error TS1005: ';' expected.
-node update_pass.ts(9,6): error TS1005: ';' expected.
-node update_pass.ts(9,7): error TS1434: Unexpected keyword or identifier.
-node update_pass.ts(9,14): error TS1434: Unexpected keyword or identifier.
-node update_pass.ts(9,17): error TS1434: Unexpected keyword or identifier.
-node update_pass.ts(10,2): error TS1003: Identifier expected.
-node update_pass.ts(10,4): error TS1109: Expression expected.
-node update_pass.ts(10,6): error TS1109: Expression expected.
-node update_pass.ts(10,8): error TS1109: Expression expected.
-node update_pass.ts(10,10): error TS1109: Expression expected.
-node update_pass.ts(10,12): error TS1109: Expression expected.
-node update_pass.ts(10,14): error TS1109: Expression expected.
-node update_pass.ts(10,16): error TS1109: Expression expected.
-node update_pass.ts(10,18): error TS1109: Expression expected.
-node update_pass.ts(10,20): error TS1109: Expression expected.
-node update_pass.ts(10,22): error TS1109: Expression expected.
-node update_pass.ts(10,24): error TS1109: Expression expected.
-node update_pass.ts(10,26): error TS1109: Expression expected.
-node update_pass.ts(10,28): error TS1109: Expression expected.
-node update_pass.ts(10,30): error TS1109: Expression expected.
-node update_pass.ts(10,32): error TS1109: Expression expected.
-node update_pass.ts(10,34): error TS1109: Expression expected.
-node update_pass.ts(10,36): error TS1109: Expression expected.
-node update_pass.ts(10,38): error TS1109: Expression expected.
-node update_pass.ts(10,40): error TS1109: Expression expected.
-node update_pass.ts(10,42): error TS1109: Expression expected.
-node update_pass.ts(10,44): error TS1109: Expression expected.
-node update_pass.ts(10,46): error TS1109: Expression expected.
-node update_pass.ts(10,48): error TS1109: Expression expected.
-node update_pass.ts(10,50): error TS1109: Expression expected.
-node update_pass.ts(10,52): error TS1109: Expression expected.
-node update_pass.ts(10,54): error TS1109: Expression expected.
-node update_pass.ts(10,56): error TS1109: Expression expected.
-node update_pass.ts(10,58): error TS1109: Expression expected.
-node update_pass.ts(10,60): error TS1109: Expression expected.
-node update_pass.ts(10,62): error TS1109: Expression expected.
-node update_pass.ts(10,64): error TS1109: Expression expected.
-node update_pass.ts(10,66): error TS1109: Expression expected.
-node update_pass.ts(10,68): error TS1109: Expression expected.
-node update_pass.ts(10,70): error TS1109: Expression expected.
-node update_pass.ts(10,72): error TS1109: Expression expected.
-node update_pass.ts(10,74): error TS1109: Expression expected.
-node update_pass.ts(10,76): error TS1109: Expression expected.
-node update_pass.ts(12,29): error TS1127: Invalid character.
-node update_pass.ts(12,32): error TS1127: Invalid character.
-node update_pass.ts(12,35): error TS1127: Invalid character.
-node update_pass.ts(12,38): error TS1127: Invalid character.
-node update_pass.ts(12,41): error TS1127: Invalid character.
-node update_pass.ts(12,44): error TS1127: Invalid character.
-node update_pass.ts(14,10): error TS1005: ';' expected.
-node update_pass.ts(14,17): error TS1005: ';' expected.
-node update_pass.ts(14,33): error TS1005: ';' expected.
-node update_pass.ts(14,48): error TS1005: ',' expected.
-node update_pass.ts(14,49): error TS1127: Invalid character.
-node update_pass.ts(14,52): error TS1005: ',' expected.
-node update_pass.ts(15,10): error TS1005: ';' expected.
-node update_pass.ts(15,33): error TS1005: ';' expected.
-node update_pass.ts(15,48): error TS1005: ',' expected.
-node update_pass.ts(15,49): error TS1127: Invalid character.
-node update_pass.ts(15,52): error TS1005: ',' expected.
-node update_pass.ts(16,14): error TS1005: ';' expected.
-node update_pass.ts(16,33): error TS1005: ';' expected.
-node update_pass.ts(16,48): error TS1005: ',' expected.
-node update_pass.ts(16,49): error TS1127: Invalid character.
-node update_pass.ts(16,52): error TS1005: ',' expected.
-node update_pass.ts(17,10): error TS1005: ';' expected.
-node update_pass.ts(17,33): error TS1005: ';' expected.
-node update_pass.ts(17,48): error TS1005: ',' expected.
-node update_pass.ts(17,49): error TS1127: Invalid character.
-node update_pass.ts(17,52): error TS1005: ',' expected.
-node update_pass.ts(18,33): error TS1005: ';' expected.
-node update_pass.ts(18,49): error TS1005: ',' expected.
-node update_pass.ts(18,53): error TS1005: ',' expected.
-node update_pass.ts(18,60): error TS1005: ',' expected.
-node update_pass.ts(18,63): error TS1005: ',' expected.
-node update_pass.ts(18,64): error TS1127: Invalid character.
-node update_pass.ts(19,33): error TS1005: ';' expected.
-node update_pass.ts(19,49): error TS1005: ',' expected.
-node update_pass.ts(19,53): error TS1005: ',' expected.
-node update_pass.ts(19,60): error TS1005: ',' expected.
-node update_pass.ts(19,63): error TS1005: ',' expected.
-node update_pass.ts(19,64): error TS1127: Invalid character.
-node update_pass.ts(20,33): error TS1005: ';' expected.
-node update_pass.ts(20,49): error TS1005: ';' expected.
-node update_pass.ts(20,49): error TS1434: Unexpected keyword or identifier.
-node update_pass.ts(20,75): error TS1002: Unterminated string literal.
-node update_pass.ts(21,33): error TS1005: ';' expected.
-node update_pass.ts(21,54): error TS1005: ',' expected.
-node update_pass.ts(21,58): error TS1005: ',' expected.
-node update_pass.ts(21,70): error TS1005: ',' expected.
-node update_pass.ts(21,73): error TS1005: ',' expected.
-node update_pass.ts(21,74): error TS1127: Invalid character.
-node update_pass.ts(22,33): error TS1005: ';' expected.
-node update_pass.ts(22,54): error TS1005: ',' expected.
-node update_pass.ts(22,58): error TS1005: ',' expected.
-node update_pass.ts(22,70): error TS1005: ',' expected.
-node update_pass.ts(22,73): error TS1005: ',' expected.
-node update_pass.ts(22,74): error TS1127: Invalid character.
-node update_pass.ts(23,7): error TS1109: Expression expected.
-node update_pass.ts(23,30): error TS1005: ';' expected.
-node update_pass.ts(23,34): error TS1434: Unexpected keyword or identifier.
-node update_pass.ts(23,39): error TS1434: Unexpected keyword or identifier.
-node update_pass.ts(23,56): error TS1005: ',' expected.
-node update_pass.ts(23,57): error TS1127: Invalid character.
-node update_pass.ts(23,60): error TS1005: ',' expected.
-node update_pass.ts(24,30): error TS1005: ')' expected.
-node update_pass.ts(24,34): error TS1434: Unexpected keyword or identifier.
-node update_pass.ts(24,39): error TS1434: Unexpected keyword or identifier.
-node update_pass.ts(24,56): error TS1005: ',' expected.
-node update_pass.ts(24,57): error TS1127: Invalid character.
-node update_pass.ts(24,60): error TS1005: ',' expected.
-node update_pass.ts(25,7): error TS1109: Expression expected.
-node update_pass.ts(25,10): error TS1109: Expression expected.
-node update_pass.ts(25,24): error TS1005: ';' expected.
-node update_pass.ts(25,30): error TS1434: Unexpected keyword or identifier.
-node update_pass.ts(25,33): error TS1434: Unexpected keyword or identifier.
-node update_pass.ts(25,38): error TS1434: Unexpected keyword or identifier.
-node update_pass.ts(26,10): error TS1136: Property assignment expected.
-node update_pass.ts(26,24): error TS1005: ';' expected.
-node update_pass.ts(26,30): error TS1434: Unexpected keyword or identifier.
-node update_pass.ts(26,33): error TS1434: Unexpected keyword or identifier.
-node update_pass.ts(26,46): error TS1003: Identifier expected.
-node update_pass.ts(27,3): error TS1434: Unexpected keyword or identifier.
-node update_pass.ts(27,24): error TS1434: Unexpected keyword or identifier.
-node update_pass.ts(27,41): error TS1434: Unexpected keyword or identifier.
-node update_pass.ts(28,24): error TS1005: ';' expected.
-node update_pass.ts(28,29): error TS1434: Unexpected keyword or identifier.
-node update_pass.ts(28,31): error TS1434: Unexpected keyword or identifier.
-node update_pass.ts(28,35): error TS1434: Unexpected keyword or identifier.
-node update_pass.ts(28,40): error TS1434: Unexpected keyword or identifier.
-node update_pass.ts(28,45): error TS1434: Unexpected keyword or identifier.
-node update_pass.ts(28,52): error TS1434: Unexpected keyword or identifier.
-node update_pass.ts(28,60): error TS1228: A type predicate is only allowed in return type position for functions and methods.
-node update_pass.ts(29,24): error TS1005: ';' expected.
-node update_pass.ts(29,39): error TS1003: Identifier expected.
-node update_pass.ts(30,3): error TS1434: Unexpected keyword or identifier.
-node update_pass.ts(30,24): error TS1434: Unexpected keyword or identifier.
-node update_pass.ts(30,51): error TS1005: ';' expected.
-node update_pass.ts(31,9): error TS1003: Identifier expected.
-node update_pass.ts(31,11): error TS1109: Expression expected.
-node update_pass.ts(31,13): error TS1109: Expression expected.
-node update_pass.ts(31,15): error TS1109: Expression expected.
-node update_pass.ts(31,17): error TS1109: Expression expected.
-node update_pass.ts(31,19): error TS1109: Expression expected.
-node update_pass.ts(31,21): error TS1109: Expression expected.
-node update_pass.ts(31,23): error TS1109: Expression expected.
-node update_pass.ts(31,25): error TS1109: Expression expected.
-node update_pass.ts(31,27): error TS1109: Expression expected.
-node update_pass.ts(31,29): error TS1109: Expression expected.
-node update_pass.ts(31,31): error TS1109: Expression expected.
-node update_pass.ts(31,33): error TS1109: Expression expected.
-node update_pass.ts(31,35): error TS1109: Expression expected.
-node update_pass.ts(31,37): error TS1109: Expression expected.
-node update_pass.ts(31,39): error TS1109: Expression expected.
-node update_pass.ts(31,41): error TS1109: Expression expected.
-node update_pass.ts(31,43): error TS1109: Expression expected.
-node update_pass.ts(31,45): error TS1109: Expression expected.
-node update_pass.ts(31,47): error TS1109: Expression expected.
-node update_pass.ts(31,49): error TS1109: Expression expected.
-node update_pass.ts(31,51): error TS1109: Expression expected.
-node update_pass.ts(31,53): error TS1109: Expression expected.
-node update_pass.ts(31,55): error TS1109: Expression expected.
-node update_pass.ts(31,57): error TS1109: Expression expected.
-node update_pass.ts(31,59): error TS1109: Expression expected.
-node update_pass.ts(32,17): error TS1005: ';' expected.
-node update_pass.ts(32,26): error TS1005: ';' expected.
-node update_pass.ts(32,29): error TS1434: Unexpected keyword or identifier.
-node update_pass.ts(32,33): error TS1434: Unexpected keyword or identifier.
-node update_pass.ts(33,17): error TS1005: ';' expected.
-node update_pass.ts(33,31): error TS1005: ';' expected.
-node update_pass.ts(33,34): error TS1434: Unexpected keyword or identifier.
-node update_pass.ts(33,39): error TS1434: Unexpected keyword or identifier.
-node update_pass.ts(33,42): error TS1434: Unexpected keyword or identifier.
-node update_pass.ts(33,46): error TS1434: Unexpected keyword or identifier.
-node update_pass.ts(34,2): error TS1003: Identifier expected.
-node update_pass.ts(34,4): error TS1109: Expression expected.
-node update_pass.ts(34,6): error TS1109: Expression expected.
-node update_pass.ts(34,8): error TS1109: Expression expected.
-node update_pass.ts(34,10): error TS1109: Expression expected.
-node update_pass.ts(34,12): error TS1109: Expression expected.
-node update_pass.ts(34,14): error TS1109: Expression expected.
-node update_pass.ts(34,16): error TS1109: Expression expected.
-node update_pass.ts(34,18): error TS1109: Expression expected.
-node update_pass.ts(34,20): error TS1109: Expression expected.
-node update_pass.ts(34,22): error TS1109: Expression expected.
-node update_pass.ts(34,24): error TS1109: Expression expected.
-node update_pass.ts(34,26): error TS1109: Expression expected.
-node update_pass.ts(34,28): error TS1109: Expression expected.
-node update_pass.ts(34,30): error TS1109: Expression expected.
-node update_pass.ts(34,32): error TS1109: Expression expected.
-node update_pass.ts(34,34): error TS1109: Expression expected.
-node update_pass.ts(34,36): error TS1109: Expression expected.
-node update_pass.ts(34,38): error TS1109: Expression expected.
-node update_pass.ts(34,40): error TS1109: Expression expected.
-node update_pass.ts(34,42): error TS1109: Expression expected.
-node update_pass.ts(34,44): error TS1109: Expression expected.
-node update_pass.ts(34,46): error TS1109: Expression expected.
-node update_pass.ts(34,48): error TS1109: Expression expected.
-node update_pass.ts(34,50): error TS1109: Expression expected.
-node update_pass.ts(34,52): error TS1109: Expression expected.
-node update_pass.ts(34,54): error TS1109: Expression expected.
-node update_pass.ts(34,56): error TS1109: Expression expected.
-node update_pass.ts(34,58): error TS1109: Expression expected.
-node update_pass.ts(34,60): error TS1109: Expression expected.
-node update_pass.ts(34,62): error TS1109: Expression expected.
-node update_pass.ts(34,64): error TS1109: Expression expected.
-node update_pass.ts(34,66): error TS1109: Expression expected.
-node update_pass.ts(34,68): error TS1109: Expression expected.
-node update_pass.ts(34,70): error TS1109: Expression expected.
-node update_pass.ts(34,72): error TS1109: Expression expected.
-node update_pass.ts(34,74): error TS1109: Expression expected.
-node update_pass.ts(34,76): error TS1109: Expression expected.
-node update_pass.ts(36,28): error TS1127: Invalid character.
-node update_pass.ts(36,31): error TS1127: Invalid character.
-node update_pass.ts(36,34): error TS1127: Invalid character.
-node update_pass.ts(36,37): error TS1127: Invalid character.
-node update_pass.ts(36,40): error TS1127: Invalid character.
-node update_pass.ts(36,43): error TS1127: Invalid character.
-node update_pass.ts(36,46): error TS1127: Invalid character.
-node update_pass.ts(36,49): error TS1127: Invalid character.
-node update_pass.ts(36,52): error TS1127: Invalid character.
-node update_pass.ts(38,5): error TS1127: Invalid character.
-node update_pass.ts(38,8): error TS1127: Invalid character.
-node update_pass.ts(38,11): error TS1127: Invalid character.
-node update_pass.ts(38,14): error TS1127: Invalid character.
-node update_pass.ts(38,17): error TS1127: Invalid character.
-node update_pass.ts(38,20): error TS1127: Invalid character.
-node update_pass.ts(38,23): error TS1127: Invalid character.
-node update_pass.ts(38,45): error TS1005: ';' expected.
-node update_pass.ts(38,59): error TS1127: Invalid character.
-node update_pass.ts(38,64): error TS1005: ';' expected.
-node update_pass.ts(38,66): error TS1434: Unexpected keyword or identifier.
-node update_pass.ts(39,3): error TS1003: Identifier expected.
-node update_pass.ts(39,5): error TS1127: Invalid character.
-node update_pass.ts(39,8): error TS1127: Invalid character.
-node update_pass.ts(39,11): error TS1127: Invalid character.
-node update_pass.ts(39,14): error TS1127: Invalid character.
-node update_pass.ts(39,17): error TS1127: Invalid character.
-node update_pass.ts(39,20): error TS1127: Invalid character.
-node update_pass.ts(39,23): error TS1127: Invalid character.
-node update_pass.ts(39,45): error TS1005: ';' expected.
-node update_pass.ts(39,60): error TS1127: Invalid character.
-node update_pass.ts(39,65): error TS1005: ';' expected.
-node update_pass.ts(39,67): error TS1434: Unexpected keyword or identifier.
-node update_pass.ts(40,31): error TS1005: ';' expected.
-node update_pass.ts(40,48): error TS1135: Argument expression expected.
-node update_pass.ts(40,52): error TS1005: '(' expected.
-node update_pass.ts(40,53): error TS1127: Invalid character.
-node update_pass.ts(40,59): error TS1005: ';' expected.
-node update_pass.ts(40,69): error TS1128: Declaration or statement expected.
-node update_pass.ts(40,70): error TS1128: Declaration or statement expected.
-node update_pass.ts(41,31): error TS1005: ';' expected.
-node update_pass.ts(41,58): error TS1005: ';' expected.
-node update_pass.ts(42,31): error TS1005: ';' expected.
-node update_pass.ts(42,57): error TS1005: ';' expected.
-node update_pass.ts(43,31): error TS1005: ';' expected.
-node update_pass.ts(43,56): error TS1005: ';' expected.
-node update_pass.ts(43,61): error TS1003: Identifier expected.
-node update_pass.ts(43,72): error TS1005: ';' expected.
-node update_pass.ts(44,24): error TS1005: ';' expected.
-node update_pass.ts(44,38): error TS1005: ';' expected.
-node update_pass.ts(45,24): error TS1005: ';' expected.
-node update_pass.ts(45,30): error TS1434: Unexpected keyword or identifier.
-node update_pass.ts(46,3): error TS1003: Identifier expected.
-node update_pass.ts(46,5): error TS1127: Invalid character.
-node update_pass.ts(46,8): error TS1127: Invalid character.
-node update_pass.ts(46,11): error TS1127: Invalid character.
-node update_pass.ts(46,14): error TS1127: Invalid character.
-node update_pass.ts(46,17): error TS1127: Invalid character.
-node update_pass.ts(46,20): error TS1127: Invalid character.
-node update_pass.ts(46,23): error TS1127: Invalid character.
-node update_pass.ts(46,46): error TS1005: ';' expected.
-node update_pass.ts(46,51): error TS1434: Unexpected keyword or identifier.
-node update_pass.ts(47,9): error TS1003: Identifier expected.
-node update_pass.ts(47,11): error TS1109: Expression expected.
-node update_pass.ts(47,13): error TS1109: Expression expected.
-node update_pass.ts(47,15): error TS1109: Expression expected.
-node update_pass.ts(47,17): error TS1109: Expression expected.
-node update_pass.ts(47,19): error TS1109: Expression expected.
-node update_pass.ts(47,21): error TS1109: Expression expected.
-node update_pass.ts(47,23): error TS1109: Expression expected.
-node update_pass.ts(47,25): error TS1109: Expression expected.
-node update_pass.ts(47,27): error TS1109: Expression expected.
-node update_pass.ts(47,29): error TS1109: Expression expected.
-node update_pass.ts(47,31): error TS1109: Expression expected.
-node update_pass.ts(47,33): error TS1109: Expression expected.
-node update_pass.ts(47,35): error TS1109: Expression expected.
-node update_pass.ts(47,37): error TS1109: Expression expected.
-node update_pass.ts(47,39): error TS1109: Expression expected.
-node update_pass.ts(47,41): error TS1109: Expression expected.
-node update_pass.ts(47,43): error TS1109: Expression expected.
-node update_pass.ts(47,45): error TS1109: Expression expected.
-node update_pass.ts(47,47): error TS1109: Expression expected.
-node update_pass.ts(47,49): error TS1109: Expression expected.
-node update_pass.ts(47,51): error TS1109: Expression expected.
-node update_pass.ts(47,53): error TS1109: Expression expected.
-node update_pass.ts(47,55): error TS1109: Expression expected.
-node update_pass.ts(47,57): error TS1109: Expression expected.
-node update_pass.ts(47,59): error TS1109: Expression expected.
-node update_pass.ts(48,11): error TS1005: ';' expected.
-node update_pass.ts(48,18): error TS1434: Unexpected keyword or identifier.
-node update_pass.ts(48,26): error TS1434: Unexpected keyword or identifier.
-node update_pass.ts(48,30): error TS1434: Unexpected keyword or identifier.
-node update_pass.ts(48,41): error TS1005: '(' expected.
-node update_pass.ts(48,45): error TS1005: ')' expected.
-node update_pass.ts(48,48): error TS1434: Unexpected keyword or identifier.
-node update_pass.ts(49,9): error TS1109: Expression expected.
-node update_pass.ts(49,12): error TS1005: ';' expected.
-node update_pass.ts(49,18): error TS1005: ';' expected.
-node update_pass.ts(49,29): error TS1005: '(' expected.
-node update_pass.ts(49,42): error TS1005: ';' expected.
-node update_pass.ts(50,9): error TS1003: Identifier expected.
-node update_pass.ts(50,12): error TS1005: ';' expected.
-node update_pass.ts(50,25): error TS1005: ')' expected.
-node update_pass.ts(50,46): error TS1005: ',' expected.
-node update_pass.ts(50,51): error TS1005: ',' expected.
-node update_pass.ts(50,55): error TS1005: ',' expected.
-node update_pass.ts(50,58): error TS1005: ',' expected.
-node update_pass.ts(51,9): error TS1003: Identifier expected.
-node update_pass.ts(51,12): error TS1005: ';' expected.
-node update_pass.ts(51,23): error TS1146: Declaration expected.
-node update_pass.ts(51,24): error TS1434: Unexpected keyword or identifier.
-node update_pass.ts(51,31): error TS1434: Unexpected keyword or identifier.
-node update_pass.ts(51,34): error TS1434: Unexpected keyword or identifier.
-node update_pass.ts(51,46): error TS1135: Argument expression expected.
-node update_pass.ts(51,50): error TS1005: '(' expected.
-node update_pass.ts(51,51): error TS1005: ';' expected.
-node update_pass.ts(51,53): error TS1434: Unexpected keyword or identifier.
-node update_pass.ts(51,56): error TS1434: Unexpected keyword or identifier.
-node update_pass.ts(51,67): error TS1135: Argument expression expected.
-node update_pass.ts(51,71): error TS1005: '(' expected.
-node update_pass.ts(51,72): error TS1109: Expression expected.
-node update_pass.ts(51,73): error TS1109: Expression expected.
-node update_pass.ts(52,9): error TS1003: Identifier expected.
-node update_pass.ts(52,18): error TS1005: ';' expected.
-node update_pass.ts(52,41): error TS1005: ';' expected.
-node update_pass.ts(52,41): error TS1434: Unexpected keyword or identifier.
-node update_pass.ts(52,68): error TS1002: Unterminated string literal.
-node update_pass.ts(53,18): error TS1005: ';' expected.
-node update_pass.ts(53,18): error TS1434: Unexpected keyword or identifier.
-node update_pass.ts(53,48): error TS1002: Unterminated string literal.
-node update_pass.ts(54,18): error TS1005: ';' expected.
-node update_pass.ts(54,23): error TS1434: Unexpected keyword or identifier.
-node update_pass.ts(54,33): error TS1005: '(' expected.
-node update_pass.ts(54,36): error TS1005: ')' expected.
-node update_pass.ts(55,2): error TS1003: Identifier expected.
-node update_pass.ts(55,4): error TS1109: Expression expected.
-node update_pass.ts(55,6): error TS1109: Expression expected.
-node update_pass.ts(55,8): error TS1109: Expression expected.
-node update_pass.ts(55,10): error TS1109: Expression expected.
-node update_pass.ts(55,12): error TS1109: Expression expected.
-node update_pass.ts(55,14): error TS1109: Expression expected.
-node update_pass.ts(55,16): error TS1109: Expression expected.
-node update_pass.ts(55,18): error TS1109: Expression expected.
-node update_pass.ts(55,20): error TS1109: Expression expected.
-node update_pass.ts(55,22): error TS1109: Expression expected.
-node update_pass.ts(55,24): error TS1109: Expression expected.
-node update_pass.ts(55,26): error TS1109: Expression expected.
-node update_pass.ts(55,28): error TS1109: Expression expected.
-node update_pass.ts(55,30): error TS1109: Expression expected.
-node update_pass.ts(55,32): error TS1109: Expression expected.
-node update_pass.ts(55,34): error TS1109: Expression expected.
-node update_pass.ts(55,36): error TS1109: Expression expected.
-node update_pass.ts(55,38): error TS1109: Expression expected.
-node update_pass.ts(55,40): error TS1109: Expression expected.
-node update_pass.ts(55,42): error TS1109: Expression expected.
-node update_pass.ts(55,44): error TS1109: Expression expected.
-node update_pass.ts(55,46): error TS1109: Expression expected.
-node update_pass.ts(55,48): error TS1109: Expression expected.
-node update_pass.ts(55,50): error TS1109: Expression expected.
-node update_pass.ts(55,52): error TS1109: Expression expected.
-node update_pass.ts(55,54): error TS1109: Expression expected.
-node update_pass.ts(55,56): error TS1109: Expression expected.
-node update_pass.ts(55,58): error TS1109: Expression expected.
-node update_pass.ts(55,60): error TS1109: Expression expected.
-node update_pass.ts(55,62): error TS1109: Expression expected.
-node update_pass.ts(55,64): error TS1109: Expression expected.
-node update_pass.ts(55,66): error TS1109: Expression expected.
-node update_pass.ts(55,68): error TS1109: Expression expected.
-node update_pass.ts(55,70): error TS1109: Expression expected.
-node update_pass.ts(55,72): error TS1109: Expression expected.
-node update_pass.ts(55,74): error TS1109: Expression expected.
-node update_pass.ts(55,76): error TS1109: Expression expected.
-node update_pass.ts(57,29): error TS1127: Invalid character.
-node update_pass.ts(57,32): error TS1127: Invalid character.
-node update_pass.ts(57,35): error TS1127: Invalid character.
-node update_pass.ts(57,38): error TS1127: Invalid character.
-node update_pass.ts(57,41): error TS1127: Invalid character.
-node update_pass.ts(57,44): error TS1127: Invalid character.
-node update_pass.ts(57,47): error TS1127: Invalid character.
-node update_pass.ts(59,24): error TS1005: '>' expected.
-node update_pass.ts(59,27): error TS1005: ';' expected.
-node update_pass.ts(59,30): error TS1434: Unexpected keyword or identifier.
-node update_pass.ts(59,53): error TS1005: ',' expected.
-node update_pass.ts(59,58): error TS1005: ',' expected.
-node update_pass.ts(59,59): error TS1127: Invalid character.
-node update_pass.ts(60,13): error TS1109: Expression expected.
-node update_pass.ts(60,21): error TS1109: Expression expected.
-node update_pass.ts(60,27): error TS1005: ';' expected.
-node update_pass.ts(60,30): error TS1434: Unexpected keyword or identifier.
-node update_pass.ts(60,52): error TS1005: ',' expected.
-node update_pass.ts(60,57): error TS1005: ',' expected.
-node update_pass.ts(60,58): error TS1127: Invalid character.
-node update_pass.ts(61,21): error TS1109: Expression expected.
-node update_pass.ts(61,27): error TS1005: ';' expected.
-node update_pass.ts(61,30): error TS1434: Unexpected keyword or identifier.
-node update_pass.ts(61,40): error TS1434: Unexpected keyword or identifier.
-node update_pass.ts(61,52): error TS1005: ',' expected.
-node update_pass.ts(61,53): error TS1127: Invalid character.
-node update_pass.ts(61,56): error TS1005: ',' expected.
-node update_pass.ts(61,64): error TS1005: ',' expected.
-node update_pass.ts(61,69): error TS1005: ',' expected.
-node update_pass.ts(62,27): error TS1005: ';' expected.
-node update_pass.ts(62,36): error TS1127: Invalid character.
-node update_pass.ts(62,43): error TS1005: ';' expected.
-node update_pass.ts(63,27): error TS1005: ';' expected.
-node update_pass.ts(63,36): error TS1127: Invalid character.
-node update_pass.ts(63,43): error TS1005: ';' expected.
-node update_pass.ts(64,3): error TS1003: Identifier expected.
-node update_pass.ts(64,21): error TS1109: Expression expected.
-node update_pass.ts(64,29): error TS1005: ',' expected.
-node update_pass.ts(64,35): error TS1005: ',' expected.
-node update_pass.ts(64,43): error TS1005: ',' expected.
-node update_pass.ts(64,45): error TS1128: Declaration or statement expected.
-node update_pass.ts(64,47): error TS1128: Declaration or statement expected.
-node update_pass.ts(64,48): error TS1128: Declaration or statement expected.
-node update_pass.ts(65,3): error TS1128: Declaration or statement expected.
-node update_pass.ts(65,6): error TS1128: Declaration or statement expected.
-node update_pass.ts(65,9): error TS1128: Declaration or statement expected.
-node update_pass.ts(65,21): error TS1109: Expression expected.
-node update_pass.ts(65,29): error TS1005: ';' expected.
-node update_pass.ts(65,34): error TS1434: Unexpected keyword or identifier.
-node update_pass.ts(65,47): error TS1109: Expression expected.
-node update_pass.ts(66,7): error TS1109: Expression expected.
-node update_pass.ts(66,10): error TS1005: ',' expected.
-node update_pass.ts(66,11): error TS1127: Invalid character.
-node update_pass.ts(66,14): error TS1127: Invalid character.
-node update_pass.ts(66,17): error TS1127: Invalid character.
-node update_pass.ts(66,19): error TS6188: Numeric separators are not allowed here.
-node update_pass.ts(66,20): error TS1127: Invalid character.
-node update_pass.ts(66,21): error TS1109: Expression expected.
-node update_pass.ts(66,24): error TS1127: Invalid character.
-node update_pass.ts(66,27): error TS1127: Invalid character.
-node update_pass.ts(66,30): error TS1127: Invalid character.
-node update_pass.ts(66,32): error TS6188: Numeric separators are not allowed here.
-node update_pass.ts(66,33): error TS1127: Invalid character.
-node update_pass.ts(66,34): error TS1109: Expression expected.
-node update_pass.ts(66,37): error TS1109: Expression expected.
-node update_pass.ts(66,45): error TS1005: ',' expected.
-node update_pass.ts(66,51): error TS1005: ',' expected.
-node update_pass.ts(66,59): error TS1005: ',' expected.
-node update_pass.ts(66,60): error TS1127: Invalid character.
-node update_pass.ts(66,63): error TS1127: Invalid character.
-node update_pass.ts(66,66): error TS1127: Invalid character.
-node update_pass.ts(66,68): error TS6188: Numeric separators are not allowed here.
-node update_pass.ts(66,69): error TS1127: Invalid character.
-node update_pass.ts(66,70): error TS1109: Expression expected.
-node update_pass.ts(66,71): error TS1109: Expression expected.
-node update_pass.ts(67,7): error TS1109: Expression expected.
-node update_pass.ts(67,10): error TS1005: ',' expected.
-node update_pass.ts(67,11): error TS1127: Invalid character.
-node update_pass.ts(67,14): error TS1127: Invalid character.
-node update_pass.ts(67,17): error TS1127: Invalid character.
-node update_pass.ts(67,19): error TS6188: Numeric separators are not allowed here.
-node update_pass.ts(67,20): error TS1127: Invalid character.
-node update_pass.ts(67,21): error TS1109: Expression expected.
-node update_pass.ts(67,24): error TS1127: Invalid character.
-node update_pass.ts(67,27): error TS1127: Invalid character.
-node update_pass.ts(67,30): error TS1127: Invalid character.
-node update_pass.ts(67,32): error TS6188: Numeric separators are not allowed here.
-node update_pass.ts(67,33): error TS1127: Invalid character.
-node update_pass.ts(67,34): error TS1109: Expression expected.
-node update_pass.ts(67,37): error TS1109: Expression expected.
-node update_pass.ts(67,45): error TS1005: ',' expected.
-node update_pass.ts(67,50): error TS1005: ',' expected.
-node update_pass.ts(67,58): error TS1005: ',' expected.
-node update_pass.ts(67,59): error TS1127: Invalid character.
-node update_pass.ts(67,62): error TS1127: Invalid character.
-node update_pass.ts(67,65): error TS1127: Invalid character.
-node update_pass.ts(67,67): error TS6188: Numeric separators are not allowed here.
-node update_pass.ts(67,68): error TS1127: Invalid character.
-node update_pass.ts(67,69): error TS1109: Expression expected.
-node update_pass.ts(67,70): error TS1109: Expression expected.
-node update_pass.ts(68,9): error TS1003: Identifier expected.
-node update_pass.ts(68,11): error TS1109: Expression expected.
-node update_pass.ts(68,13): error TS1109: Expression expected.
-node update_pass.ts(68,15): error TS1109: Expression expected.
-node update_pass.ts(68,17): error TS1109: Expression expected.
-node update_pass.ts(68,19): error TS1109: Expression expected.
-node update_pass.ts(68,21): error TS1109: Expression expected.
-node update_pass.ts(68,23): error TS1109: Expression expected.
-node update_pass.ts(68,25): error TS1109: Expression expected.
-node update_pass.ts(68,27): error TS1109: Expression expected.
-node update_pass.ts(68,29): error TS1109: Expression expected.
-node update_pass.ts(68,31): error TS1109: Expression expected.
-node update_pass.ts(68,33): error TS1109: Expression expected.
-node update_pass.ts(68,35): error TS1109: Expression expected.
-node update_pass.ts(68,37): error TS1109: Expression expected.
-node update_pass.ts(68,39): error TS1109: Expression expected.
-node update_pass.ts(68,41): error TS1109: Expression expected.
-node update_pass.ts(68,43): error TS1109: Expression expected.
-node update_pass.ts(68,45): error TS1109: Expression expected.
-node update_pass.ts(68,47): error TS1109: Expression expected.
-node update_pass.ts(68,49): error TS1109: Expression expected.
-node update_pass.ts(68,51): error TS1109: Expression expected.
-node update_pass.ts(68,53): error TS1109: Expression expected.
-node update_pass.ts(68,55): error TS1109: Expression expected.
-node update_pass.ts(68,57): error TS1109: Expression expected.
-node update_pass.ts(68,59): error TS1109: Expression expected.
-node update_pass.ts(69,14): error TS1005: ',' expected.
-node update_pass.ts(69,35): error TS1005: ',' expected.
-node update_pass.ts(69,43): error TS1005: ',' expected.
-node update_pass.ts(69,48): error TS1005: ',' expected.
-node update_pass.ts(69,56): error TS1005: ',' expected.
-node update_pass.ts(69,59): error TS1005: ',' expected.
-node update_pass.ts(69,63): error TS1005: ',' expected.
-node update_pass.ts(69,69): error TS1005: ',' expected.
-node update_pass.ts(70,11): error TS1005: ',' expected.
-node update_pass.ts(70,20): error TS1005: ',' expected.
-node update_pass.ts(70,26): error TS1127: Invalid character.
-node update_pass.ts(70,33): error TS1005: ',' expected.
-node update_pass.ts(70,38): error TS1005: ',' expected.
-node update_pass.ts(70,53): error TS1005: ',' expected.
-node update_pass.ts(70,57): error TS1005: ',' expected.
-node update_pass.ts(71,14): error TS1005: ',' expected.
-node update_pass.ts(71,34): error TS1005: ',' expected.
-node update_pass.ts(71,42): error TS1005: ',' expected.
-node update_pass.ts(71,47): error TS1005: ',' expected.
-node update_pass.ts(71,56): error TS1005: ',' expected.
-node update_pass.ts(71,59): error TS1005: ',' expected.
-node update_pass.ts(71,63): error TS1005: ',' expected.
-node update_pass.ts(71,68): error TS1005: ',' expected.
-node update_pass.ts(72,11): error TS1005: ',' expected.
-node update_pass.ts(72,20): error TS1005: ',' expected.
-node update_pass.ts(72,26): error TS1127: Invalid character.
-node update_pass.ts(72,33): error TS1005: ',' expected.
-node update_pass.ts(72,39): error TS1005: ',' expected.
-node update_pass.ts(72,54): error TS1005: ',' expected.
-node update_pass.ts(72,61): error TS1005: ',' expected.
-node update_pass.ts(74,5): error TS1127: Invalid character.
-node update_pass.ts(74,8): error TS1127: Invalid character.
-node update_pass.ts(74,11): error TS1127: Invalid character.
-node update_pass.ts(74,14): error TS1127: Invalid character.
-node update_pass.ts(74,17): error TS1127: Invalid character.
-node update_pass.ts(74,20): error TS1127: Invalid character.
-node update_pass.ts(74,23): error TS1127: Invalid character.
-node update_pass.ts(74,26): error TS1127: Invalid character.
-node update_pass.ts(74,27): error TS1109: Expression expected.
-node update_pass.ts(74,45): error TS1005: ',' expected.
-node update_pass.ts(74,49): error TS1005: ',' expected.
-node update_pass.ts(74,57): error TS1005: ',' expected.
-node update_pass.ts(74,61): error TS1005: ',' expected.
-node update_pass.ts(74,66): error TS1005: ',' expected.
-node update_pass.ts(74,71): error TS1005: '(' expected.
-node update_pass.ts(74,79): error TS1109: Expression expected.
-node update_pass.ts(75,5): error TS1127: Invalid character.
-node update_pass.ts(75,8): error TS1127: Invalid character.
-node update_pass.ts(75,11): error TS1127: Invalid character.
-node update_pass.ts(75,14): error TS1127: Invalid character.
-node update_pass.ts(75,17): error TS1127: Invalid character.
-node update_pass.ts(75,20): error TS1127: Invalid character.
-node update_pass.ts(75,23): error TS1127: Invalid character.
-node update_pass.ts(75,26): error TS1127: Invalid character.
-node update_pass.ts(75,27): error TS1109: Expression expected.
-node update_pass.ts(75,45): error TS1005: ';' expected.
-node update_pass.ts(75,49): error TS1434: Unexpected keyword or identifier.
-node update_pass.ts(75,57): error TS1434: Unexpected keyword or identifier.
-node update_pass.ts(75,64): error TS1434: Unexpected keyword or identifier.
-node update_pass.ts(75,74): error TS1005: '(' expected.
-node update_pass.ts(75,82): error TS1109: Expression expected.
-node update_pass.ts(76,3): error TS1003: Identifier expected.
-node update_pass.ts(76,75): error TS1002: Unterminated string literal.
-node update_pass.ts(77,24): error TS1005: ';' expected.
-node update_pass.ts(77,27): error TS1434: Unexpected keyword or identifier.
-node update_pass.ts(77,30): error TS1434: Unexpected keyword or identifier.
-node update_pass.ts(77,34): error TS1434: Unexpected keyword or identifier.
-node update_pass.ts(78,3): error TS1003: Identifier expected.
-node update_pass.ts(78,24): error TS1005: ';' expected.
-node update_pass.ts(78,34): error TS1002: Unterminated string literal.
-node update_pass.ts(79,9): error TS1127: Invalid character.
-node update_pass.ts(79,12): error TS1127: Invalid character.
-node update_pass.ts(79,15): error TS1127: Invalid character.
-node update_pass.ts(79,18): error TS1127: Invalid character.
-node update_pass.ts(79,21): error TS1127: Invalid character.
-node update_pass.ts(79,24): error TS1127: Invalid character.
-node update_pass.ts(79,27): error TS1127: Invalid character.
-node update_pass.ts(79,30): error TS1127: Invalid character.
-node update_pass.ts(79,31): error TS1109: Expression expected.
-node update_pass.ts(79,46): error TS1005: ';' expected.
-node update_pass.ts(80,9): error TS1003: Identifier expected.
-node update_pass.ts(80,11): error TS1109: Expression expected.
-node update_pass.ts(80,13): error TS1109: Expression expected.
-node update_pass.ts(80,15): error TS1109: Expression expected.
-node update_pass.ts(80,17): error TS1109: Expression expected.
-node update_pass.ts(80,19): error TS1109: Expression expected.
-node update_pass.ts(80,21): error TS1109: Expression expected.
-node update_pass.ts(80,23): error TS1109: Expression expected.
-node update_pass.ts(80,25): error TS1109: Expression expected.
-node update_pass.ts(80,27): error TS1109: Expression expected.
-node update_pass.ts(80,29): error TS1109: Expression expected.
-node update_pass.ts(80,31): error TS1109: Expression expected.
-node update_pass.ts(80,33): error TS1109: Expression expected.
-node update_pass.ts(80,35): error TS1109: Expression expected.
-node update_pass.ts(80,37): error TS1109: Expression expected.
-node update_pass.ts(80,39): error TS1109: Expression expected.
-node update_pass.ts(80,41): error TS1109: Expression expected.
-node update_pass.ts(80,43): error TS1109: Expression expected.
-node update_pass.ts(80,45): error TS1109: Expression expected.
-node update_pass.ts(80,47): error TS1109: Expression expected.
-node update_pass.ts(80,49): error TS1109: Expression expected.
-node update_pass.ts(80,51): error TS1109: Expression expected.
-node update_pass.ts(80,53): error TS1109: Expression expected.
-node update_pass.ts(80,55): error TS1109: Expression expected.
-node update_pass.ts(80,57): error TS1109: Expression expected.
-node update_pass.ts(80,59): error TS1109: Expression expected.
-node update_pass.ts(81,11): error TS1005: ';' expected.
-node update_pass.ts(81,16): error TS1228: A type predicate is only allowed in return type position for functions and methods.
-node update_pass.ts(81,19): error TS1434: Unexpected keyword or identifier.
-node update_pass.ts(81,29): error TS1109: Expression expected.
-node update_pass.ts(81,34): error TS1434: Unexpected keyword or identifier.
-node update_pass.ts(81,43): error TS1109: Expression expected.
-node update_pass.ts(81,55): error TS1003: Identifier expected.
-node update_pass.ts(82,9): error TS1434: Unexpected keyword or identifier.
-node update_pass.ts(82,17): error TS1434: Unexpected keyword or identifier.
-node update_pass.ts(82,23): error TS1434: Unexpected keyword or identifier.
-node update_pass.ts(83,14): error TS1109: Expression expected.
-node update_pass.ts(83,24): error TS1005: ';' expected.
-node update_pass.ts(83,34): error TS1434: Unexpected keyword or identifier.
-node update_pass.ts(83,37): error TS1434: Unexpected keyword or identifier.
-node update_pass.ts(84,14): error TS1434: Unexpected keyword or identifier.
-node update_pass.ts(84,17): error TS1434: Unexpected keyword or identifier.
-node update_pass.ts(84,24): error TS1434: Unexpected keyword or identifier.
-node update_pass.ts(84,28): error TS1434: Unexpected keyword or identifier.
-node update_pass.ts(84,31): error TS1434: Unexpected keyword or identifier.
-node update_pass.ts(85,4): error TS1109: Expression expected.
-node update_pass.ts(85,6): error TS1109: Expression expected.
-node update_pass.ts(85,8): error TS1109: Expression expected.
-node update_pass.ts(85,10): error TS1109: Expression expected.
-node update_pass.ts(85,12): error TS1109: Expression expected.
-node update_pass.ts(85,14): error TS1109: Expression expected.
-node update_pass.ts(85,16): error TS1109: Expression expected.
-node update_pass.ts(85,18): error TS1109: Expression expected.
-node update_pass.ts(85,20): error TS1109: Expression expected.
-node update_pass.ts(85,22): error TS1109: Expression expected.
-node update_pass.ts(85,24): error TS1109: Expression expected.
-node update_pass.ts(85,26): error TS1109: Expression expected.
-node update_pass.ts(85,28): error TS1109: Expression expected.
-node update_pass.ts(85,30): error TS1109: Expression expected.
-node update_pass.ts(85,32): error TS1109: Expression expected.
-node update_pass.ts(85,34): error TS1109: Expression expected.
-node update_pass.ts(85,36): error TS1109: Expression expected.
-node update_pass.ts(85,38): error TS1109: Expression expected.
-node update_pass.ts(85,40): error TS1109: Expression expected.
-node update_pass.ts(85,42): error TS1109: Expression expected.
-node update_pass.ts(85,44): error TS1109: Expression expected.
-node update_pass.ts(85,46): error TS1109: Expression expected.
-node update_pass.ts(85,48): error TS1109: Expression expected.
-node update_pass.ts(85,50): error TS1109: Expression expected.
-node update_pass.ts(85,52): error TS1109: Expression expected.
-node update_pass.ts(85,54): error TS1109: Expression expected.
-node update_pass.ts(85,56): error TS1109: Expression expected.
-node update_pass.ts(85,58): error TS1109: Expression expected.
-node update_pass.ts(85,60): error TS1109: Expression expected.
-node update_pass.ts(85,62): error TS1109: Expression expected.
-node update_pass.ts(85,64): error TS1109: Expression expected.
-node update_pass.ts(85,66): error TS1109: Expression expected.
-node update_pass.ts(85,68): error TS1109: Expression expected.
-node update_pass.ts(85,70): error TS1109: Expression expected.
-node update_pass.ts(85,72): error TS1109: Expression expected.
-node update_pass.ts(85,74): error TS1109: Expression expected.
-node update_pass.ts(85,76): error TS1109: Expression expected.
-node update_pass.ts(87,26): error TS1127: Invalid character.
-node update_pass.ts(87,29): error TS1127: Invalid character.
-node update_pass.ts(87,32): error TS1127: Invalid character.
-node update_pass.ts(87,35): error TS1127: Invalid character.
-node update_pass.ts(87,38): error TS1127: Invalid character.
-node update_pass.ts(87,41): error TS1127: Invalid character.
-node update_pass.ts(87,44): error TS1127: Invalid character.
-node update_pass.ts(87,47): error TS1127: Invalid character.
-node update_pass.ts(87,48): error TS1434: Unexpected keyword or identifier.
-node update_pass.ts(87,51): error TS1127: Invalid character.
-node update_pass.ts(87,54): error TS1127: Invalid character.
-node update_pass.ts(87,57): error TS1127: Invalid character.
-node update_pass.ts(87,60): error TS1127: Invalid character.
-node update_pass.ts(87,63): error TS1127: Invalid character.
-node update_pass.ts(89,8): error TS1127: Invalid character.
-node update_pass.ts(89,11): error TS1127: Invalid character.
-node update_pass.ts(89,14): error TS1127: Invalid character.
-node update_pass.ts(89,17): error TS1127: Invalid character.
-node update_pass.ts(89,18): error TS1434: Unexpected keyword or identifier.
-node update_pass.ts(89,19): error TS1128: Declaration or statement expected.
-node update_pass.ts(89,32): error TS1434: Unexpected keyword or identifier.
-node update_pass.ts(89,40): error TS1434: Unexpected keyword or identifier.
-node update_pass.ts(90,3): error TS1003: Identifier expected.
-node update_pass.ts(90,24): error TS1005: ';' expected.
-node update_pass.ts(90,32): error TS1110: Type expected.
-node update_pass.ts(91,3): error TS1003: Identifier expected.
-node update_pass.ts(91,32): error TS1005: ';' expected.
-node update_pass.ts(91,38): error TS1127: Invalid character.
-node update_pass.ts(91,45): error TS1005: ';' expected.
-node update_pass.ts(91,50): error TS1434: Unexpected keyword or identifier.
-node update_pass.ts(91,55): error TS1434: Unexpected keyword or identifier.
-node update_pass.ts(91,60): error TS1434: Unexpected keyword or identifier.
-node update_pass.ts(91,64): error TS1434: Unexpected keyword or identifier.
-node update_pass.ts(92,3): error TS1003: Identifier expected.
-node update_pass.ts(92,32): error TS1005: ';' expected.
-node update_pass.ts(92,38): error TS1127: Invalid character.
-node update_pass.ts(92,45): error TS1005: ';' expected.
-node update_pass.ts(92,54): error TS1434: Unexpected keyword or identifier.
-node update_pass.ts(92,59): error TS1434: Unexpected keyword or identifier.
-node update_pass.ts(92,64): error TS1434: Unexpected keyword or identifier.
-node update_pass.ts(92,68): error TS1434: Unexpected keyword or identifier.
-node update_pass.ts(93,3): error TS1003: Identifier expected.
-node update_pass.ts(93,32): error TS1005: ';' expected.
-node update_pass.ts(93,46): error TS1005: ',' expected.
-node update_pass.ts(93,47): error TS1127: Invalid character.
-node update_pass.ts(93,54): error TS1005: ';' expected.
-node update_pass.ts(93,59): error TS1434: Unexpected keyword or identifier.
-node update_pass.ts(93,64): error TS1434: Unexpected keyword or identifier.
-node update_pass.ts(93,68): error TS1434: Unexpected keyword or identifier.
-node update_pass.ts(94,3): error TS1003: Identifier expected.
-node update_pass.ts(94,4): error TS1434: Unexpected keyword or identifier.
-node update_pass.ts(94,24): error TS1435: Unknown keyword or identifier. Did you mean 'delete'?
-node update_pass.ts(94,31): error TS1434: Unexpected keyword or identifier.
-node update_pass.ts(94,35): error TS1434: Unexpected keyword or identifier.
-node update_pass.ts(94,43): error TS1434: Unexpected keyword or identifier.
-node update_pass.ts(94,48): error TS1434: Unexpected keyword or identifier.
-node update_pass.ts(94,53): error TS1434: Unexpected keyword or identifier.
-node update_pass.ts(94,57): error TS1434: Unexpected keyword or identifier.
-node update_pass.ts(94,65): error TS1434: Unexpected keyword or identifier.
-node update_pass.ts(95,3): error TS1003: Identifier expected.
-node update_pass.ts(95,6): error TS1109: Expression expected.
-node update_pass.ts(95,10): error TS1005: ';' expected.
-node update_pass.ts(95,11): error TS1434: Unexpected keyword or identifier.
-node update_pass.ts(95,24): error TS1434: Unexpected keyword or identifier.
-node update_pass.ts(95,30): error TS1434: Unexpected keyword or identifier.
-node update_pass.ts(95,38): error TS1434: Unexpected keyword or identifier.
-node update_pass.ts(96,2): error TS1003: Identifier expected.
-node update_pass.ts(96,4): error TS1109: Expression expected.
-node update_pass.ts(96,6): error TS1109: Expression expected.
-node update_pass.ts(96,8): error TS1109: Expression expected.
-node update_pass.ts(96,10): error TS1109: Expression expected.
-node update_pass.ts(96,12): error TS1109: Expression expected.
-node update_pass.ts(96,14): error TS1109: Expression expected.
-node update_pass.ts(96,16): error TS1109: Expression expected.
-node update_pass.ts(96,18): error TS1109: Expression expected.
-node update_pass.ts(96,20): error TS1109: Expression expected.
-node update_pass.ts(96,22): error TS1109: Expression expected.
-node update_pass.ts(96,24): error TS1109: Expression expected.
-node update_pass.ts(96,26): error TS1109: Expression expected.
-node update_pass.ts(96,28): error TS1109: Expression expected.
-node update_pass.ts(96,30): error TS1109: Expression expected.
-node update_pass.ts(96,32): error TS1109: Expression expected.
-node update_pass.ts(96,34): error TS1109: Expression expected.
-node update_pass.ts(96,36): error TS1109: Expression expected.
-node update_pass.ts(96,38): error TS1109: Expression expected.
-node update_pass.ts(96,40): error TS1109: Expression expected.
-node update_pass.ts(96,42): error TS1109: Expression expected.
-node update_pass.ts(96,44): error TS1109: Expression expected.
-node update_pass.ts(96,46): error TS1109: Expression expected.
-node update_pass.ts(96,48): error TS1109: Expression expected.
-node update_pass.ts(96,50): error TS1109: Expression expected.
-node update_pass.ts(96,52): error TS1109: Expression expected.
-node update_pass.ts(96,54): error TS1109: Expression expected.
-node update_pass.ts(96,56): error TS1109: Expression expected.
-node update_pass.ts(96,58): error TS1109: Expression expected.
-node update_pass.ts(96,60): error TS1109: Expression expected.
-node update_pass.ts(96,62): error TS1109: Expression expected.
-node update_pass.ts(96,64): error TS1109: Expression expected.
-node update_pass.ts(96,66): error TS1109: Expression expected.
-node update_pass.ts(96,68): error TS1109: Expression expected.
-node update_pass.ts(96,70): error TS1109: Expression expected.
-node update_pass.ts(96,72): error TS1109: Expression expected.
-node update_pass.ts(96,74): error TS1109: Expression expected.
-node update_pass.ts(96,76): error TS1109: Expression expected.
-node update_pass.ts(98,22): error TS1127: Invalid character.
-node update_pass.ts(98,25): error TS1127: Invalid character.
-node update_pass.ts(98,28): error TS1127: Invalid character.
-node update_pass.ts(98,31): error TS1127: Invalid character.
-node update_pass.ts(98,34): error TS1127: Invalid character.
-node update_pass.ts(98,37): error TS1127: Invalid character.
-node update_pass.ts(98,40): error TS1127: Invalid character.
-node update_pass.ts(98,43): error TS1127: Invalid character.
-node update_pass.ts(98,46): error TS1127: Invalid character.
-node update_pass.ts(98,49): error TS1127: Invalid character.
-node update_pass.ts(98,52): error TS1127: Invalid character.
-node update_pass.ts(98,55): error TS1127: Invalid character.
-node update_pass.ts(98,58): error TS1127: Invalid character.
-node update_pass.ts(98,59): error TS1434: Unexpected keyword or identifier.
-node update_pass.ts(98,62): error TS1127: Invalid character.
-node update_pass.ts(98,65): error TS1127: Invalid character.
-node update_pass.ts(98,68): error TS1127: Invalid character.
-node update_pass.ts(98,71): error TS1127: Invalid character.
-node update_pass.ts(98,74): error TS1127: Invalid character.
-node update_pass.ts(98,77): error TS1127: Invalid character.
-node update_pass.ts(98,80): error TS1127: Invalid character.
-node update_pass.ts(98,83): error TS1127: Invalid character.
-node update_pass.ts(100,5): error TS1127: Invalid character.
-node update_pass.ts(100,8): error TS1127: Invalid character.
-node update_pass.ts(100,11): error TS1127: Invalid character.
-node update_pass.ts(100,14): error TS1127: Invalid character.
-node update_pass.ts(100,17): error TS1127: Invalid character.
-node update_pass.ts(100,20): error TS1127: Invalid character.
-node update_pass.ts(100,21): error TS1109: Expression expected.
-node update_pass.ts(100,43): error TS1005: ';' expected.
-node update_pass.ts(100,45): error TS1434: Unexpected keyword or identifier.
-node update_pass.ts(100,53): error TS1434: Unexpected keyword or identifier.
-node update_pass.ts(100,70): error TS1005: ']' expected.
-node update_pass.ts(100,78): error TS1434: Unexpected keyword or identifier.
-node update_pass.ts(100,83): error TS1128: Declaration or statement expected.
-node update_pass.ts(100,84): error TS1128: Declaration or statement expected.
-node update_pass.ts(101,6): error TS1127: Invalid character.
-node update_pass.ts(101,9): error TS1127: Invalid character.
-node update_pass.ts(101,12): error TS1127: Invalid character.
-node update_pass.ts(101,15): error TS1127: Invalid character.
-node update_pass.ts(101,18): error TS1127: Invalid character.
-node update_pass.ts(101,21): error TS1127: Invalid character.
-node update_pass.ts(101,22): error TS1109: Expression expected.
-node update_pass.ts(101,43): error TS1005: ';' expected.
-node update_pass.ts(101,45): error TS1434: Unexpected keyword or identifier.
-node update_pass.ts(101,53): error TS1434: Unexpected keyword or identifier.
-node update_pass.ts(101,69): error TS1005: ';' expected.
-node update_pass.ts(102,5): error TS1127: Invalid character.
-node update_pass.ts(102,8): error TS1127: Invalid character.
-node update_pass.ts(102,11): error TS1127: Invalid character.
-node update_pass.ts(102,14): error TS1127: Invalid character.
-node update_pass.ts(102,17): error TS1127: Invalid character.
-node update_pass.ts(102,20): error TS1127: Invalid character.
-node update_pass.ts(102,21): error TS1109: Expression expected.
-node update_pass.ts(102,44): error TS1005: ';' expected.
-node update_pass.ts(102,48): error TS1435: Unknown keyword or identifier. Did you mean 'set ting'?
-node update_pass.ts(102,56): error TS1434: Unexpected keyword or identifier.
-node update_pass.ts(102,59): error TS1434: Unexpected keyword or identifier.
-node update_pass.ts(102,61): error TS1434: Unexpected keyword or identifier.
-node update_pass.ts(102,69): error TS1434: Unexpected keyword or identifier.
-node update_pass.ts(103,6): error TS1127: Invalid character.
-node update_pass.ts(103,9): error TS1127: Invalid character.
-node update_pass.ts(103,12): error TS1127: Invalid character.
-node update_pass.ts(103,15): error TS1127: Invalid character.
-node update_pass.ts(103,18): error TS1127: Invalid character.
-node update_pass.ts(103,21): error TS1127: Invalid character.
-node update_pass.ts(103,22): error TS1109: Expression expected.
-node update_pass.ts(103,44): error TS1005: ';' expected.
-node update_pass.ts(103,48): error TS1435: Unknown keyword or identifier. Did you mean 'set ting'?
-node update_pass.ts(103,56): error TS1434: Unexpected keyword or identifier.
-node update_pass.ts(103,59): error TS1434: Unexpected keyword or identifier.
-node update_pass.ts(103,73): error TS1005: ';' expected.
-node update_pass.ts(104,3): error TS1003: Identifier expected.
-node update_pass.ts(104,5): error TS1127: Invalid character.
-node update_pass.ts(104,8): error TS1127: Invalid character.
-node update_pass.ts(104,11): error TS1127: Invalid character.
-node update_pass.ts(104,12): error TS1434: Unexpected keyword or identifier.
-node update_pass.ts(104,30): error TS1434: Unexpected keyword or identifier.
-node update_pass.ts(104,38): error TS1434: Unexpected keyword or identifier.
-node update_pass.ts(104,42): error TS1434: Unexpected keyword or identifier.
-node update_pass.ts(104,47): error TS1434: Unexpected keyword or identifier.
-node update_pass.ts(104,51): error TS1434: Unexpected keyword or identifier.
-node update_pass.ts(104,56): error TS1434: Unexpected keyword or identifier.
-node update_pass.ts(104,61): error TS1434: Unexpected keyword or identifier.
-node update_pass.ts(104,72): error TS1005: ';' expected.
-node update_pass.ts(106,3): error TS1003: Identifier expected.
-node update_pass.ts(106,5): error TS1127: Invalid character.
-node update_pass.ts(106,8): error TS1127: Invalid character.
-node update_pass.ts(106,11): error TS1127: Invalid character.
-node update_pass.ts(106,14): error TS1127: Invalid character.
-node update_pass.ts(106,17): error TS1127: Invalid character.
-node update_pass.ts(106,20): error TS1127: Invalid character.
-node update_pass.ts(106,23): error TS1127: Invalid character.
-node update_pass.ts(106,24): error TS1434: Unexpected keyword or identifier.
-node update_pass.ts(106,38): error TS1434: Unexpected keyword or identifier.
-node update_pass.ts(106,46): error TS1434: Unexpected keyword or identifier.
-node update_pass.ts(106,50): error TS1434: Unexpected keyword or identifier.
-node update_pass.ts(106,56): error TS1434: Unexpected keyword or identifier.
-node update_pass.ts(106,69): error TS1005: '(' expected.
-node update_pass.ts(107,3): error TS1003: Identifier expected.
-node update_pass.ts(107,5): error TS1127: Invalid character.
-node update_pass.ts(107,8): error TS1127: Invalid character.
-node update_pass.ts(107,11): error TS1127: Invalid character.
-node update_pass.ts(107,14): error TS1127: Invalid character.
-node update_pass.ts(107,17): error TS1127: Invalid character.
-node update_pass.ts(107,20): error TS1127: Invalid character.
-node update_pass.ts(107,23): error TS1127: Invalid character.
-node update_pass.ts(107,26): error TS1127: Invalid character.
-node update_pass.ts(107,27): error TS1434: Unexpected keyword or identifier.
-node update_pass.ts(107,40): error TS1434: Unexpected keyword or identifier.
-node update_pass.ts(107,45): error TS1434: Unexpected keyword or identifier.
-node update_pass.ts(107,50): error TS1434: Unexpected keyword or identifier.
-node update_pass.ts(107,58): error TS1434: Unexpected keyword or identifier.
-node update_pass.ts(107,77): error TS1005: ';' expected.
-node update_pass.ts(107,78): error TS1127: Invalid character.
-node update_pass.ts(107,79): error TS1434: Unexpected keyword or identifier.
-node update_pass.ts(107,81): error TS1434: Unexpected keyword or identifier.
-node update_pass.ts(107,84): error TS1434: Unexpected keyword or identifier.
-node update_pass.ts(107,98): error TS1003: Identifier expected.
-node update_pass.ts(108,3): error TS1434: Unexpected keyword or identifier.
-node update_pass.ts(108,6): error TS1127: Invalid character.
-node update_pass.ts(108,9): error TS1127: Invalid character.
-node update_pass.ts(108,12): error TS1127: Invalid character.
-node update_pass.ts(108,15): error TS1127: Invalid character.
-node update_pass.ts(108,16): error TS1434: Unexpected keyword or identifier.
-node update_pass.ts(108,32): error TS1434: Unexpected keyword or identifier.
-node update_pass.ts(108,37): error TS1434: Unexpected keyword or identifier.
-node update_pass.ts(108,43): error TS1434: Unexpected keyword or identifier.
-node update_pass.ts(108,46): error TS1434: Unexpected keyword or identifier.
-node update_pass.ts(108,53): error TS1003: Identifier expected.
-node update_pass.ts(109,3): error TS1434: Unexpected keyword or identifier.
-node update_pass.ts(109,24): error TS1434: Unexpected keyword or identifier.
-node update_pass.ts(109,29): error TS1434: Unexpected keyword or identifier.
-node update_pass.ts(109,33): error TS1434: Unexpected keyword or identifier.
-node update_pass.ts(109,41): error TS1434: Unexpected keyword or identifier.
-node update_pass.ts(109,51): error TS1005: '(' expected.
-node update_pass.ts(109,59): error TS1005: ')' expected.
-node update_pass.ts(109,70): error TS1003: Identifier expected.
-node update_pass.ts(110,3): error TS1434: Unexpected keyword or identifier.
-node update_pass.ts(110,24): error TS1434: Unexpected keyword or identifier.
-node update_pass.ts(110,30): error TS1434: Unexpected keyword or identifier.
-node update_pass.ts(110,38): error TS1434: Unexpected keyword or identifier.
-node update_pass.ts(110,45): error TS1434: Unexpected keyword or identifier.
-node update_pass.ts(111,2): error TS1003: Identifier expected.
-node update_pass.ts(111,4): error TS1109: Expression expected.
-node update_pass.ts(111,6): error TS1109: Expression expected.
-node update_pass.ts(111,8): error TS1109: Expression expected.
-node update_pass.ts(111,10): error TS1109: Expression expected.
-node update_pass.ts(111,12): error TS1109: Expression expected.
-node update_pass.ts(111,14): error TS1109: Expression expected.
-node update_pass.ts(111,16): error TS1109: Expression expected.
-node update_pass.ts(111,18): error TS1109: Expression expected.
-node update_pass.ts(111,20): error TS1109: Expression expected.
-node update_pass.ts(111,22): error TS1109: Expression expected.
-node update_pass.ts(111,24): error TS1109: Expression expected.
-node update_pass.ts(111,26): error TS1109: Expression expected.
-node update_pass.ts(111,28): error TS1109: Expression expected.
-node update_pass.ts(111,30): error TS1109: Expression expected.
-node update_pass.ts(111,32): error TS1109: Expression expected.
-node update_pass.ts(111,34): error TS1109: Expression expected.
-node update_pass.ts(111,36): error TS1109: Expression expected.
-node update_pass.ts(111,38): error TS1109: Expression expected.
-node update_pass.ts(111,40): error TS1109: Expression expected.
-node update_pass.ts(111,42): error TS1109: Expression expected.
-node update_pass.ts(111,44): error TS1109: Expression expected.
-node update_pass.ts(111,46): error TS1109: Expression expected.
-node update_pass.ts(111,48): error TS1109: Expression expected.
-node update_pass.ts(111,50): error TS1109: Expression expected.
-node update_pass.ts(111,52): error TS1109: Expression expected.
-node update_pass.ts(111,54): error TS1109: Expression expected.
-node update_pass.ts(111,56): error TS1109: Expression expected.
-node update_pass.ts(111,58): error TS1109: Expression expected.
-node update_pass.ts(111,60): error TS1109: Expression expected.
-node update_pass.ts(111,62): error TS1109: Expression expected.
-node update_pass.ts(111,64): error TS1109: Expression expected.
-node update_pass.ts(111,66): error TS1109: Expression expected.
-node update_pass.ts(111,68): error TS1109: Expression expected.
-node update_pass.ts(111,70): error TS1109: Expression expected.
-node update_pass.ts(111,72): error TS1109: Expression expected.
-node update_pass.ts(111,74): error TS1109: Expression expected.
-node update_pass.ts(111,76): error TS1109: Expression expected.
-node update_pass.ts(113,29): error TS1127: Invalid character.
-node update_pass.ts(113,32): error TS1127: Invalid character.
-node update_pass.ts(113,35): error TS1127: Invalid character.
-node update_pass.ts(113,38): error TS1127: Invalid character.
-node update_pass.ts(113,41): error TS1127: Invalid character.
-node update_pass.ts(113,44): error TS1127: Invalid character.
-node update_pass.ts(113,47): error TS1127: Invalid character.
-node update_pass.ts(115,9): error TS1434: Unexpected keyword or identifier.
-node update_pass.ts(115,14): error TS1434: Unexpected keyword or identifier.
-node update_pass.ts(115,22): error TS1434: Unexpected keyword or identifier.
-node update_pass.ts(115,26): error TS1434: Unexpected keyword or identifier.
-node update_pass.ts(115,29): error TS1434: Unexpected keyword or identifier.
-node update_pass.ts(115,37): error TS1434: Unexpected keyword or identifier.
-node update_pass.ts(115,44): error TS1434: Unexpected keyword or identifier.
-node update_pass.ts(115,47): error TS1434: Unexpected keyword or identifier.
-node update_pass.ts(115,51): error TS1434: Unexpected keyword or identifier.
-node update_pass.ts(116,12): error TS1005: ';' expected.
-node update_pass.ts(116,17): error TS1435: Unknown keyword or identifier. Did you mean 'with'?
-node update_pass.ts(116,24): error TS1434: Unexpected keyword or identifier.
-node update_pass.ts(116,29): error TS1434: Unexpected keyword or identifier.
-node update_pass.ts(116,42): error TS1005: ',' expected.
-node update_pass.ts(116,50): error TS1005: ';' expected.
-node update_pass.ts(116,58): error TS1003: Identifier expected.
-node update_pass.ts(117,9): error TS1434: Unexpected keyword or identifier.
-node update_pass.ts(117,17): error TS1434: Unexpected keyword or identifier.
-node update_pass.ts(117,21): error TS1434: Unexpected keyword or identifier.
-node update_pass.ts(117,37): error TS1005: ';' expected.
-node update_pass.ts(117,40): error TS1434: Unexpected keyword or identifier.
-node update_pass.ts(117,51): error TS1434: Unexpected keyword or identifier.
-node update_pass.ts(117,58): error TS1434: Unexpected keyword or identifier.
-node update_pass.ts(118,9): error TS1434: Unexpected keyword or identifier.
-node update_pass.ts(118,19): error TS1434: Unexpected keyword or identifier.
-node update_pass.ts(118,28): error TS1434: Unexpected keyword or identifier.
-node update_pass.ts(118,34): error TS1109: Expression expected.
-node update_pass.ts(118,39): error TS1005: ';' expected.
-node update_pass.ts(118,41): error TS1434: Unexpected keyword or identifier.
-node update_pass.ts(118,46): error TS1434: Unexpected keyword or identifier.
-node update_pass.ts(118,60): error TS1005: ';' expected.
-node update_pass.ts(120,4): error TS1109: Expression expected.
-node update_pass.ts(120,7): error TS1109: Expression expected.
-node update_pass.ts(120,10): error TS1128: Declaration or statement expected.
-node update_pass.ts(120,13): error TS1128: Declaration or statement expected.
-node update_pass.ts(120,14): error TS1128: Declaration or statement expected.
-node update_pass.ts(121,19): error TS1434: Unexpected keyword or identifier.
-node update_pass.ts(121,38): error TS1005: ',' expected.
-node update_pass.ts(121,46): error TS1005: ',' expected.
-node update_pass.ts(122,3): error TS1003: Identifier expected.
-node update_pass.ts(122,7): error TS1005: ';' expected.
-node update_pass.ts(122,10): error TS1128: Declaration or statement expected.
-node update_pass.ts(122,13): error TS1128: Declaration or statement expected.
-node update_pass.ts(122,14): error TS1128: Declaration or statement expected.
-node update_pass.ts(123,19): error TS1434: Unexpected keyword or identifier.
-node update_pass.ts(123,26): error TS1434: Unexpected keyword or identifier.
-node update_pass.ts(123,32): error TS1434: Unexpected keyword or identifier.
-node update_pass.ts(124,3): error TS1003: Identifier expected.
-node update_pass.ts(124,7): error TS1005: ';' expected.
-node update_pass.ts(124,10): error TS1128: Declaration or statement expected.
-node update_pass.ts(124,13): error TS1128: Declaration or statement expected.
-node update_pass.ts(124,14): error TS1128: Declaration or statement expected.
-node update_pass.ts(125,19): error TS1434: Unexpected keyword or identifier.
-node update_pass.ts(125,26): error TS1434: Unexpected keyword or identifier.
-node update_pass.ts(125,33): error TS1434: Unexpected keyword or identifier.
-node update_pass.ts(125,38): error TS1434: Unexpected keyword or identifier.
-node update_pass.ts(125,44): error TS1434: Unexpected keyword or identifier.
-node update_pass.ts(126,3): error TS1003: Identifier expected.
-node update_pass.ts(126,8): error TS1127: Invalid character.
-node update_pass.ts(126,9): error TS1434: Unexpected keyword or identifier.
-node update_pass.ts(126,10): error TS1128: Declaration or statement expected.
-node update_pass.ts(126,13): error TS1128: Declaration or statement expected.
-node update_pass.ts(126,16): error TS1128: Declaration or statement expected.
-node update_pass.ts(126,28): error TS1005: ';' expected.
-node update_pass.ts(126,31): error TS1127: Invalid character.
-node update_pass.ts(127,19): error TS1435: Unknown keyword or identifier. Did you mean 'number'?
-node update_pass.ts(127,26): error TS1434: Unexpected keyword or identifier.
-node update_pass.ts(128,3): error TS1003: Identifier expected.
-node update_pass.ts(128,7): error TS1005: ';' expected.
-node update_pass.ts(128,10): error TS1128: Declaration or statement expected.
-node update_pass.ts(128,13): error TS1128: Declaration or statement expected.
-node update_pass.ts(128,14): error TS1128: Declaration or statement expected.
-node update_pass.ts(129,19): error TS1434: Unexpected keyword or identifier.
-node update_pass.ts(129,66): error TS1002: Unterminated string literal.
-node update_pass.ts(130,7): error TS1005: ';' expected.
-node update_pass.ts(130,10): error TS1128: Declaration or statement expected.
-node update_pass.ts(130,13): error TS1128: Declaration or statement expected.
-node update_pass.ts(130,14): error TS1128: Declaration or statement expected.
-node update_pass.ts(131,19): error TS1434: Unexpected keyword or identifier.
-node update_pass.ts(131,27): error TS1434: Unexpected keyword or identifier.
-node update_pass.ts(131,30): error TS1434: Unexpected keyword or identifier.
-node update_pass.ts(131,39): error TS1434: Unexpected keyword or identifier.
-node update_pass.ts(131,46): error TS1434: Unexpected keyword or identifier.
-node update_pass.ts(132,3): error TS1003: Identifier expected.
-node update_pass.ts(132,7): error TS1005: ';' expected.
-node update_pass.ts(132,10): error TS1128: Declaration or statement expected.
-node update_pass.ts(132,13): error TS1128: Declaration or statement expected.
-node update_pass.ts(132,14): error TS1128: Declaration or statement expected.
-node update_pass.ts(133,19): error TS1434: Unexpected keyword or identifier.
-node update_pass.ts(134,3): error TS1003: Identifier expected.
-node update_pass.ts(134,6): error TS1005: ';' expected.
-node update_pass.ts(134,7): error TS1127: Invalid character.
-node update_pass.ts(134,10): error TS1127: Invalid character.
-node update_pass.ts(134,13): error TS1127: Invalid character.
-node update_pass.ts(134,16): error TS1127: Invalid character.
-node update_pass.ts(134,19): error TS1127: Invalid character.
-node update_pass.ts(134,22): error TS1127: Invalid character.
-node update_pass.ts(134,29): error TS1003: Identifier expected.
-node update_pass.ts(134,31): error TS1005: ';' expected.
-node update_pass.ts(134,38): error TS1127: Invalid character.
-node update_pass.ts(134,41): error TS1127: Invalid character.
-node update_pass.ts(134,44): error TS1127: Invalid character.
-node update_pass.ts(134,47): error TS1127: Invalid character.
-node update_pass.ts(134,50): error TS1127: Invalid character.
-node update_pass.ts(134,53): error TS1127: Invalid character.
-node update_pass.ts(135,19): error TS1435: Unknown keyword or identifier. Did you mean 'set'?
-node update_pass.ts(135,23): error TS1434: Unexpected keyword or identifier.
-node update_pass.ts(136,3): error TS1003: Identifier expected.
-node update_pass.ts(136,11): error TS1005: ';' expected.
-node update_pass.ts(136,14): error TS1128: Declaration or statement expected.
-node update_pass.ts(136,34): error TS1005: ';' expected.
-node update_pass.ts(137,19): error TS1434: Unexpected keyword or identifier.
-node update_pass.ts(137,24): error TS1434: Unexpected keyword or identifier.
-node update_pass.ts(137,27): error TS1434: Unexpected keyword or identifier.
-node update_pass.ts(137,31): error TS1434: Unexpected keyword or identifier.
-node update_pass.ts(138,3): error TS1003: Identifier expected.
-node update_pass.ts(138,7): error TS1005: ';' expected.
-node update_pass.ts(138,10): error TS1128: Declaration or statement expected.
-node update_pass.ts(138,13): error TS1128: Declaration or statement expected.
-node update_pass.ts(138,14): error TS1128: Declaration or statement expected.
-node update_pass.ts(139,19): error TS1435: Unknown keyword or identifier. Did you mean 'for'?
-node update_pass.ts(139,25): error TS1434: Unexpected keyword or identifier.
-node update_pass.ts(139,42): error TS1005: ';' expected.
-node update_pass.ts(140,3): error TS1003: Identifier expected.
-node update_pass.ts(140,7): error TS1005: ';' expected.
-node update_pass.ts(140,10): error TS1128: Declaration or statement expected.
-node update_pass.ts(140,13): error TS1128: Declaration or statement expected.
-node update_pass.ts(140,14): error TS1128: Declaration or statement expected.
-node update_pass.ts(140,24): error TS1109: Expression expected.
-node update_pass.ts(140,26): error TS1005: '(' expected.
-node update_pass.ts(141,19): error TS1005: ')' expected.
-node update_pass.ts(141,27): error TS1005: '(' expected.
-node update_pass.ts(141,34): error TS1005: ')' expected.
-node update_pass.ts(141,39): error TS1434: Unexpected keyword or identifier.
-node update_pass.ts(141,44): error TS1434: Unexpected keyword or identifier.
-node update_pass.ts(141,47): error TS1434: Unexpected keyword or identifier.
-node update_pass.ts(142,3): error TS1003: Identifier expected.
-node update_pass.ts(142,7): error TS1005: ';' expected.
-node update_pass.ts(142,10): error TS1128: Declaration or statement expected.
-node update_pass.ts(142,13): error TS1128: Declaration or statement expected.
-node update_pass.ts(142,14): error TS1128: Declaration or statement expected.
-node update_pass.ts(143,19): error TS1434: Unexpected keyword or identifier.
-node update_pass.ts(143,29): error TS1434: Unexpected keyword or identifier.
-node update_pass.ts(143,34): error TS1434: Unexpected keyword or identifier.
-node update_pass.ts(143,39): error TS1435: Unknown keyword or identifier. Did you mean 'catch'?
-node update_pass.ts(143,49): error TS1005: '(' expected.
-node update_pass.ts(144,3): error TS1003: Identifier expected.
-node update_pass.ts(144,7): error TS1005: ';' expected.
-node update_pass.ts(144,10): error TS1128: Declaration or statement expected.
-node update_pass.ts(144,13): error TS1128: Declaration or statement expected.
-node update_pass.ts(144,14): error TS1128: Declaration or statement expected.
-node update_pass.ts(145,19): error TS1434: Unexpected keyword or identifier.
-node update_pass.ts(145,60): error TS1002: Unterminated string literal.
-node update_pass.ts(146,8): error TS1127: Invalid character.
-node update_pass.ts(146,9): error TS1434: Unexpected keyword or identifier.
-node update_pass.ts(146,10): error TS1128: Declaration or statement expected.
-node update_pass.ts(146,13): error TS1128: Declaration or statement expected.
-node update_pass.ts(146,16): error TS1128: Declaration or statement expected.
-node update_pass.ts(146,36): error TS1005: ';' expected.
-node update_pass.ts(146,39): error TS1127: Invalid character.
-node update_pass.ts(147,19): error TS1434: Unexpected keyword or identifier.
-node update_pass.ts(147,28): error TS1434: Unexpected keyword or identifier.
-node update_pass.ts(148,3): error TS1003: Identifier expected.
-node update_pass.ts(148,7): error TS1005: ';' expected.
-node update_pass.ts(148,10): error TS1128: Declaration or statement expected.
-node update_pass.ts(148,13): error TS1128: Declaration or statement expected.
-node update_pass.ts(148,14): error TS1128: Declaration or statement expected.
-node update_pass.ts(148,26): error TS1109: Expression expected.
-node update_pass.ts(149,19): error TS1434: Unexpected keyword or identifier.
-node update_pass.ts(149,26): error TS1128: Declaration or statement expected.
-node update_pass.ts(149,31): error TS1109: Expression expected.
-node update_pass.ts(149,43): error TS1005: ';' expected.
-node update_pass.ts(149,51): error TS1434: Unexpected keyword or identifier.
-node update_pass.ts(149,55): error TS1005: 'while' expected.
-node update_pass.ts(149,63): error TS1005: ')' expected.
-node update_pass.ts(150,3): error TS1003: Identifier expected.
-node update_pass.ts(150,7): error TS1005: ';' expected.
-node update_pass.ts(150,10): error TS1128: Declaration or statement expected.
-node update_pass.ts(150,13): error TS1128: Declaration or statement expected.
-node update_pass.ts(150,14): error TS1128: Declaration or statement expected.
-node update_pass.ts(151,19): error TS1434: Unexpected keyword or identifier.
-node update_pass.ts(151,26): error TS1128: Declaration or statement expected.
-node update_pass.ts(151,31): error TS1109: Expression expected.
-node update_pass.ts(151,38): error TS1005: ';' expected.
-node update_pass.ts(152,3): error TS1003: Identifier expected.
-node update_pass.ts(152,8): error TS1127: Invalid character.
-node update_pass.ts(152,9): error TS1434: Unexpected keyword or identifier.
-node update_pass.ts(152,10): error TS1128: Declaration or statement expected.
-node update_pass.ts(152,13): error TS1128: Declaration or statement expected.
-node update_pass.ts(152,16): error TS1128: Declaration or statement expected.
-node update_pass.ts(152,32): error TS1005: ';' expected.
-node update_pass.ts(152,35): error TS1127: Invalid character.
-node update_pass.ts(153,19): error TS1434: Unexpected keyword or identifier.
-node update_pass.ts(153,26): error TS1434: Unexpected keyword or identifier.
-node update_pass.ts(153,35): error TS1434: Unexpected keyword or identifier.
-node update_pass.ts(153,38): error TS1434: Unexpected keyword or identifier.
-node update_pass.ts(154,3): error TS1003: Identifier expected.
-node update_pass.ts(154,7): error TS1005: ';' expected.
-node update_pass.ts(154,10): error TS1128: Declaration or statement expected.
-node update_pass.ts(154,13): error TS1128: Declaration or statement expected.
-node update_pass.ts(154,14): error TS1128: Declaration or statement expected.
-node update_pass.ts(155,19): error TS1434: Unexpected keyword or identifier.
-node update_pass.ts(155,27): error TS1434: Unexpected keyword or identifier.
-node update_pass.ts(155,29): error TS1434: Unexpected keyword or identifier.
-node update_pass.ts(155,36): error TS1434: Unexpected keyword or identifier.
-node update_pass.ts(155,43): error TS1434: Unexpected keyword or identifier.
-node update_pass.ts(155,46): error TS1435: Unknown keyword or identifier. Did you mean 'let'?
-node update_pass.ts(155,51): error TS1434: Unexpected keyword or identifier.
-node update_pass.ts(155,56): error TS1434: Unexpected keyword or identifier.
-node update_pass.ts(156,3): error TS1003: Identifier expected.
-node update_pass.ts(156,8): error TS1127: Invalid character.
-node update_pass.ts(156,11): error TS1127: Invalid character.
-node update_pass.ts(156,14): error TS1127: Invalid character.
-node update_pass.ts(156,17): error TS1127: Invalid character.
-node update_pass.ts(156,18): error TS1434: Unexpected keyword or identifier.
-node update_pass.ts(156,19): error TS1128: Declaration or statement expected.
-node update_pass.ts(156,22): error TS1128: Declaration or statement expected.
-node update_pass.ts(156,39): error TS1005: ';' expected.
-node update_pass.ts(156,42): error TS1127: Invalid character.
-node update_pass.ts(156,45): error TS1127: Invalid character.
-node update_pass.ts(156,48): error TS1127: Invalid character.
-node update_pass.ts(156,51): error TS1127: Invalid character.
-node update_pass.ts(157,19): error TS1434: Unexpected keyword or identifier.
-node update_pass.ts(157,23): error TS1434: Unexpected keyword or identifier.
-node update_pass.ts(157,25): error TS1434: Unexpected keyword or identifier.
-node update_pass.ts(158,3): error TS1003: Identifier expected.
-node update_pass.ts(158,7): error TS1005: ';' expected.
-node update_pass.ts(158,10): error TS1128: Declaration or statement expected.
-node update_pass.ts(158,13): error TS1128: Declaration or statement expected.
-node update_pass.ts(158,14): error TS1128: Declaration or statement expected.
-node update_pass.ts(159,19): error TS1434: Unexpected keyword or identifier.
-node update_pass.ts(159,41): error TS1005: ';' expected.
-node update_pass.ts(160,3): error TS1003: Identifier expected.
-node update_pass.ts(160,7): error TS1005: ';' expected.
-node update_pass.ts(160,10): error TS1128: Declaration or statement expected.
-node update_pass.ts(160,13): error TS1128: Declaration or statement expected.
-node update_pass.ts(160,14): error TS1128: Declaration or statement expected.
-node update_pass.ts(161,19): error TS1434: Unexpected keyword or identifier.
-node update_pass.ts(161,26): error TS1434: Unexpected keyword or identifier.
-node update_pass.ts(161,30): error TS1434: Unexpected keyword or identifier.
-node update_pass.ts(161,39): error TS1434: Unexpected keyword or identifier.
-node update_pass.ts(162,3): error TS1003: Identifier expected.
-node update_pass.ts(162,11): error TS1005: ';' expected.
-node update_pass.ts(162,14): error TS1128: Declaration or statement expected.
-node update_pass.ts(162,34): error TS1005: ';' expected.
-node update_pass.ts(163,19): error TS1435: Unknown keyword or identifier. Did you mean 'set'?
-node update_pass.ts(163,23): error TS1434: Unexpected keyword or identifier.
-node update_pass.ts(164,3): error TS1003: Identifier expected.
-node update_pass.ts(164,11): error TS1005: ';' expected.
-node update_pass.ts(164,14): error TS1128: Declaration or statement expected.
-node update_pass.ts(164,35): error TS1005: ';' expected.
-node update_pass.ts(165,19): error TS1434: Unexpected keyword or identifier.
-node update_pass.ts(165,42): error TS1002: Unterminated string literal.
-node update_pass.ts(166,8): error TS1127: Invalid character.
-node update_pass.ts(166,11): error TS1127: Invalid character.
-node update_pass.ts(166,14): error TS1127: Invalid character.
-node update_pass.ts(166,17): error TS1127: Invalid character.
-node update_pass.ts(166,18): error TS1434: Unexpected keyword or identifier.
-node update_pass.ts(166,19): error TS1128: Declaration or statement expected.
-node update_pass.ts(166,22): error TS1128: Declaration or statement expected.
-node update_pass.ts(166,35): error TS1005: ';' expected.
-node update_pass.ts(166,38): error TS1127: Invalid character.
-node update_pass.ts(166,41): error TS1127: Invalid character.
-node update_pass.ts(166,44): error TS1127: Invalid character.
-node update_pass.ts(166,47): error TS1127: Invalid character.
-node update_pass.ts(167,19): error TS1434: Unexpected keyword or identifier.
-node update_pass.ts(167,24): error TS1434: Unexpected keyword or identifier.
-node update_pass.ts(167,27): error TS1434: Unexpected keyword or identifier.
-node update_pass.ts(167,46): error TS1005: ',' expected.
-node update_pass.ts(167,52): error TS1005: ',' expected.
-node update_pass.ts(168,3): error TS1003: Identifier expected.
-node update_pass.ts(168,8): error TS1127: Invalid character.
-node update_pass.ts(168,11): error TS1127: Invalid character.
-node update_pass.ts(168,14): error TS1127: Invalid character.
-node update_pass.ts(168,17): error TS1127: Invalid character.
-node update_pass.ts(168,18): error TS1434: Unexpected keyword or identifier.
-node update_pass.ts(168,19): error TS1128: Declaration or statement expected.
-node update_pass.ts(168,22): error TS1128: Declaration or statement expected.
-node update_pass.ts(168,35): error TS1005: ';' expected.
-node update_pass.ts(168,38): error TS1127: Invalid character.
-node update_pass.ts(168,41): error TS1127: Invalid character.
-node update_pass.ts(168,44): error TS1127: Invalid character.
-node update_pass.ts(168,47): error TS1127: Invalid character.
-node update_pass.ts(169,19): error TS1434: Unexpected keyword or identifier.
-node update_pass.ts(169,24): error TS1434: Unexpected keyword or identifier.
-node update_pass.ts(169,27): error TS1434: Unexpected keyword or identifier.
-node update_pass.ts(169,53): error TS1005: ',' expected.
-node update_pass.ts(170,3): error TS1003: Identifier expected.
-node update_pass.ts(170,8): error TS1127: Invalid character.
-node update_pass.ts(170,11): error TS1127: Invalid character.
-node update_pass.ts(170,14): error TS1127: Invalid character.
-node update_pass.ts(170,17): error TS1127: Invalid character.
-node update_pass.ts(170,20): error TS1127: Invalid character.
-node update_pass.ts(170,23): error TS1127: Invalid character.
-node update_pass.ts(170,26): error TS1127: Invalid character.
-node update_pass.ts(170,27): error TS1434: Unexpected keyword or identifier.
-node update_pass.ts(170,28): error TS1128: Declaration or statement expected.
-node update_pass.ts(170,40): error TS1005: ';' expected.
-node update_pass.ts(170,43): error TS1127: Invalid character.
-node update_pass.ts(170,46): error TS1127: Invalid character.
-node update_pass.ts(170,49): error TS1127: Invalid character.
-node update_pass.ts(170,52): error TS1127: Invalid character.
-node update_pass.ts(170,55): error TS1127: Invalid character.
-node update_pass.ts(170,58): error TS1127: Invalid character.
-node update_pass.ts(170,61): error TS1127: Invalid character.
-node update_pass.ts(171,19): error TS1434: Unexpected keyword or identifier.
-node update_pass.ts(171,25): error TS1434: Unexpected keyword or identifier.
-node update_pass.ts(171,42): error TS1005: ',' expected.
-node update_pass.ts(171,50): error TS1005: ',' expected.
-node update_pass.ts(172,3): error TS1003: Identifier expected.
-node update_pass.ts(172,8): error TS1127: Invalid character.
-node update_pass.ts(172,11): error TS1127: Invalid character.
-node update_pass.ts(172,14): error TS1127: Invalid character.
-node update_pass.ts(172,17): error TS1127: Invalid character.
-node update_pass.ts(172,20): error TS1127: Invalid character.
-node update_pass.ts(172,23): error TS1127: Invalid character.
-node update_pass.ts(172,24): error TS1434: Unexpected keyword or identifier.
-node update_pass.ts(172,25): error TS1128: Declaration or statement expected.
-node update_pass.ts(172,37): error TS1005: ';' expected.
-node update_pass.ts(172,40): error TS1127: Invalid character.
-node update_pass.ts(172,43): error TS1127: Invalid character.
-node update_pass.ts(172,46): error TS1127: Invalid character.
-node update_pass.ts(172,49): error TS1127: Invalid character.
-node update_pass.ts(172,52): error TS1127: Invalid character.
-node update_pass.ts(172,55): error TS1127: Invalid character.
-node update_pass.ts(173,19): error TS1434: Unexpected keyword or identifier.
-node update_pass.ts(174,3): error TS1003: Identifier expected.
-node update_pass.ts(174,11): error TS1005: ';' expected.
-node update_pass.ts(174,14): error TS1128: Declaration or statement expected.
-node update_pass.ts(174,26): error TS1005: ';' expected.
-node update_pass.ts(174,35): error TS1005: ';' expected.
-node update_pass.ts(174,44): error TS1005: ';' expected.
-node update_pass.ts(175,19): error TS1434: Unexpected keyword or identifier.
-node update_pass.ts(175,25): error TS1434: Unexpected keyword or identifier.
-node update_pass.ts(175,29): error TS1434: Unexpected keyword or identifier.
-node update_pass.ts(176,3): error TS1003: Identifier expected.
-node update_pass.ts(176,11): error TS1005: ';' expected.
-node update_pass.ts(176,14): error TS1128: Declaration or statement expected.
-node update_pass.ts(176,40): error TS1005: ';' expected.
-node update_pass.ts(177,19): error TS1434: Unexpected keyword or identifier.
-node update_pass.ts(177,32): error TS1005: ';' expected.
-node update_pass.ts(178,3): error TS1003: Identifier expected.
-node update_pass.ts(178,7): error TS1005: ';' expected.
-node update_pass.ts(178,10): error TS1128: Declaration or statement expected.
-node update_pass.ts(178,13): error TS1128: Declaration or statement expected.
-node update_pass.ts(178,14): error TS1128: Declaration or statement expected.
-node update_pass.ts(179,19): error TS1434: Unexpected keyword or identifier.
-node update_pass.ts(179,27): error TS1434: Unexpected keyword or identifier.
-node update_pass.ts(179,36): error TS1434: Unexpected keyword or identifier.
-node update_pass.ts(180,3): error TS1003: Identifier expected.
-node update_pass.ts(180,7): error TS1005: ';' expected.
-node update_pass.ts(180,10): error TS1128: Declaration or statement expected.
-node update_pass.ts(180,13): error TS1128: Declaration or statement expected.
-node update_pass.ts(180,14): error TS1128: Declaration or statement expected.
-node update_pass.ts(181,35): error TS1005: ';' expected.
-node update_pass.ts(181,40): error TS1434: Unexpected keyword or identifier.
-node update_pass.ts(181,46): error TS1434: Unexpected keyword or identifier.
-node update_pass.ts(181,53): error TS1434: Unexpected keyword or identifier.
-node update_pass.ts(182,3): error TS1003: Identifier expected.
-node update_pass.ts(182,8): error TS1127: Invalid character.
-node update_pass.ts(182,11): error TS1127: Invalid character.
-node update_pass.ts(182,14): error TS1127: Invalid character.
-node update_pass.ts(182,15): error TS1434: Unexpected keyword or identifier.
-node update_pass.ts(182,16): error TS1128: Declaration or statement expected.
-node update_pass.ts(182,19): error TS1128: Declaration or statement expected.
-node update_pass.ts(182,20): error TS1128: Declaration or statement expected.
-node update_pass.ts(182,28): error TS1005: ';' expected.
-node update_pass.ts(182,31): error TS1127: Invalid character.
-node update_pass.ts(182,34): error TS1127: Invalid character.
-node update_pass.ts(182,37): error TS1127: Invalid character.
-node update_pass.ts(183,19): error TS1434: Unexpected keyword or identifier.
-node update_pass.ts(183,24): error TS1434: Unexpected keyword or identifier.
-node update_pass.ts(184,3): error TS1003: Identifier expected.
-node update_pass.ts(184,8): error TS1127: Invalid character.
-node update_pass.ts(184,11): error TS1127: Invalid character.
-node update_pass.ts(184,14): error TS1127: Invalid character.
-node update_pass.ts(184,17): error TS1127: Invalid character.
-node update_pass.ts(184,20): error TS1127: Invalid character.
-node update_pass.ts(184,23): error TS1127: Invalid character.
-node update_pass.ts(184,26): error TS1127: Invalid character.
-node update_pass.ts(184,29): error TS1127: Invalid character.
-node update_pass.ts(184,30): error TS1434: Unexpected keyword or identifier.
-node update_pass.ts(184,31): error TS1128: Declaration or statement expected.
-node update_pass.ts(184,43): error TS1005: ';' expected.
-node update_pass.ts(184,46): error TS1127: Invalid character.
-node update_pass.ts(184,49): error TS1127: Invalid character.
-node update_pass.ts(184,52): error TS1127: Invalid character.
-node update_pass.ts(184,55): error TS1127: Invalid character.
-node update_pass.ts(184,58): error TS1127: Invalid character.
-node update_pass.ts(184,61): error TS1127: Invalid character.
-node update_pass.ts(184,64): error TS1127: Invalid character.
-node update_pass.ts(184,67): error TS1127: Invalid character.
-node update_pass.ts(185,19): error TS1434: Unexpected keyword or identifier.
-node update_pass.ts(185,23): error TS1434: Unexpected keyword or identifier.
-node update_pass.ts(185,26): error TS1434: Unexpected keyword or identifier.
-node update_pass.ts(185,36): error TS1434: Unexpected keyword or identifier.
-node update_pass.ts(186,3): error TS1003: Identifier expected.
-node update_pass.ts(186,11): error TS1005: ';' expected.
-node update_pass.ts(186,14): error TS1128: Declaration or statement expected.
-node update_pass.ts(186,40): error TS1005: ';' expected.
-node update_pass.ts(187,19): error TS1434: Unexpected keyword or identifier.
-node update_pass.ts(187,26): error TS1434: Unexpected keyword or identifier.
-node update_pass.ts(187,35): error TS1434: Unexpected keyword or identifier.
-node update_pass.ts(188,3): error TS1003: Identifier expected.
-node update_pass.ts(188,7): error TS1005: ';' expected.
-node update_pass.ts(188,10): error TS1128: Declaration or statement expected.
-node update_pass.ts(188,13): error TS1128: Declaration or statement expected.
-node update_pass.ts(188,14): error TS1128: Declaration or statement expected.
-node update_pass.ts(189,19): error TS1434: Unexpected keyword or identifier.
-node update_pass.ts(189,27): error TS1434: Unexpected keyword or identifier.
-node update_pass.ts(189,31): error TS1434: Unexpected keyword or identifier.
-node update_pass.ts(189,39): error TS1434: Unexpected keyword or identifier.
-node update_pass.ts(189,46): error TS1434: Unexpected keyword or identifier.
-node update_pass.ts(190,3): error TS1003: Identifier expected.
-node update_pass.ts(190,7): error TS1005: ';' expected.
-node update_pass.ts(190,10): error TS1128: Declaration or statement expected.
-node update_pass.ts(190,13): error TS1128: Declaration or statement expected.
-node update_pass.ts(190,14): error TS1128: Declaration or statement expected.
-node update_pass.ts(191,19): error TS1434: Unexpected keyword or identifier.
-node update_pass.ts(191,29): error TS1434: Unexpected keyword or identifier.
-node update_pass.ts(191,44): error TS1005: ';' expected.
-node update_pass.ts(192,3): error TS1003: Identifier expected.
-node update_pass.ts(192,7): error TS1005: ';' expected.
-node update_pass.ts(192,10): error TS1128: Declaration or statement expected.
-node update_pass.ts(192,13): error TS1128: Declaration or statement expected.
-node update_pass.ts(192,14): error TS1128: Declaration or statement expected.
-node update_pass.ts(193,19): error TS1434: Unexpected keyword or identifier.
-node update_pass.ts(193,29): error TS1434: Unexpected keyword or identifier.
-node update_pass.ts(193,44): error TS1005: ';' expected.
-node update_pass.ts(193,50): error TS1434: Unexpected keyword or identifier.
-node update_pass.ts(193,54): error TS1435: Unknown keyword or identifier. Did you mean 'for ward'?
-node update_pass.ts(194,3): error TS1003: Identifier expected.
-node update_pass.ts(194,8): error TS1127: Invalid character.
-node update_pass.ts(194,11): error TS1109: Expression expected.
-node update_pass.ts(194,12): error TS1109: Expression expected.
-node update_pass.ts(194,15): error TS1128: Declaration or statement expected.
-node update_pass.ts(194,16): error TS1128: Declaration or statement expected.
-node update_pass.ts(194,25): error TS1005: ';' expected.
-node update_pass.ts(194,28): error TS1127: Invalid character.
-node update_pass.ts(194,31): error TS1109: Expression expected.
-node update_pass.ts(194,32): error TS1109: Expression expected.
-node update_pass.ts(194,35): error TS1109: Expression expected.
-node update_pass.ts(194,36): error TS1005: ';' expected.
-node update_pass.ts(195,19): error TS1435: Unknown keyword or identifier. Did you mean 'set'?
-node update_pass.ts(195,23): error TS1434: Unexpected keyword or identifier.
-node update_pass.ts(196,3): error TS1003: Identifier expected.
-node update_pass.ts(196,7): error TS1005: ';' expected.
-node update_pass.ts(196,10): error TS1128: Declaration or statement expected.
-node update_pass.ts(196,13): error TS1128: Declaration or statement expected.
-node update_pass.ts(196,14): error TS1128: Declaration or statement expected.
-node update_pass.ts(197,19): error TS1434: Unexpected keyword or identifier.
-node update_pass.ts(197,57): error TS1002: Unterminated string literal.
-node update_pass.ts(198,8): error TS1127: Invalid character.
-node update_pass.ts(198,9): error TS1434: Unexpected keyword or identifier.
-node update_pass.ts(198,10): error TS1128: Declaration or statement expected.
-node update_pass.ts(198,13): error TS1128: Declaration or statement expected.
-node update_pass.ts(198,16): error TS1128: Declaration or statement expected.
-node update_pass.ts(198,36): error TS1005: ';' expected.
-node update_pass.ts(198,39): error TS1127: Invalid character.
-node update_pass.ts(199,19): error TS1434: Unexpected keyword or identifier.
-node update_pass.ts(199,27): error TS1434: Unexpected keyword or identifier.
-node update_pass.ts(200,3): error TS1003: Identifier expected.
-node update_pass.ts(200,8): error TS1127: Invalid character.
-node update_pass.ts(200,9): error TS1434: Unexpected keyword or identifier.
-node update_pass.ts(200,10): error TS1128: Declaration or statement expected.
-node update_pass.ts(200,13): error TS1128: Declaration or statement expected.
-node update_pass.ts(200,16): error TS1128: Declaration or statement expected.
-node update_pass.ts(200,27): error TS1005: ';' expected.
-node update_pass.ts(200,30): error TS1127: Invalid character.
-node update_pass.ts(201,19): error TS1435: Unknown keyword or identifier. Did you mean 'set'?
-node update_pass.ts(201,23): error TS1434: Unexpected keyword or identifier.
-node update_pass.ts(201,28): error TS1434: Unexpected keyword or identifier.
-node update_pass.ts(202,3): error TS1003: Identifier expected.
-node update_pass.ts(202,40): error TS1002: Unterminated string literal.
-node update_pass.ts(203,19): error TS1435: Unknown keyword or identifier. Did you mean 'set'?
-node update_pass.ts(203,23): error TS1434: Unexpected keyword or identifier.
-node update_pass.ts(203,29): error TS1434: Unexpected keyword or identifier.
-node update_pass.ts(204,3): error TS1003: Identifier expected.
-node update_pass.ts(204,7): error TS1109: Expression expected.
-node update_pass.ts(204,10): error TS1128: Declaration or statement expected.
-node update_pass.ts(204,13): error TS1128: Declaration or statement expected.
-node update_pass.ts(204,14): error TS1128: Declaration or statement expected.
-node update_pass.ts(205,19): error TS1434: Unexpected keyword or identifier.
-node update_pass.ts(205,58): error TS1002: Unterminated string literal.
-node update_pass.ts(206,4): error TS1127: Invalid character.
-node update_pass.ts(206,8): error TS1127: Invalid character.
-node update_pass.ts(206,9): error TS1434: Unexpected keyword or identifier.
-node update_pass.ts(206,10): error TS1128: Declaration or statement expected.
-node update_pass.ts(206,13): error TS1128: Declaration or statement expected.
-node update_pass.ts(206,16): error TS1128: Declaration or statement expected.
-node update_pass.ts(206,26): error TS1005: ';' expected.
-node update_pass.ts(206,29): error TS1127: Invalid character.
-node update_pass.ts(207,19): error TS1435: Unknown keyword or identifier. Did you mean 'set'?
-node update_pass.ts(207,23): error TS1434: Unexpected keyword or identifier.
-node update_pass.ts(207,34): error TS1434: Unexpected keyword or identifier.
-node update_pass.ts(207,57): error TS1005: ',' expected.
-node update_pass.ts(207,62): error TS1005: ',' expected.
-node update_pass.ts(207,69): error TS1005: ',' expected.
-node update_pass.ts(208,17): error TS1003: Identifier expected.
-node update_pass.ts(209,19): error TS1434: Unexpected keyword or identifier.
-node update_pass.ts(209,33): error TS1434: Unexpected keyword or identifier.
-node update_pass.ts(209,43): error TS1434: Unexpected keyword or identifier.
-node update_pass.ts(209,47): error TS1434: Unexpected keyword or identifier.
-node update_pass.ts(209,52): error TS1434: Unexpected keyword or identifier.
-node update_pass.ts(209,55): error TS1434: Unexpected keyword or identifier.
-node update_pass.ts(209,59): error TS1434: Unexpected keyword or identifier.
-node update_pass.ts(210,17): error TS1003: Identifier expected.
-node update_pass.ts(211,19): error TS1434: Unexpected keyword or identifier.
-node update_pass.ts(211,23): error TS1434: Unexpected keyword or identifier.
-node update_pass.ts(211,25): error TS1434: Unexpected keyword or identifier.
-node update_pass.ts(211,33): error TS1434: Unexpected keyword or identifier.
-node update_pass.ts(211,41): error TS1434: Unexpected keyword or identifier.
-node update_pass.ts(211,50): error TS1005: '(' expected.
-node update_pass.ts(211,54): error TS1005: ')' expected.
-node update_pass.ts(211,60): error TS1434: Unexpected keyword or identifier.
-node update_pass.ts(211,65): error TS1228: A type predicate is only allowed in return type position for functions and methods.
-node update_pass.ts(212,17): error TS1003: Identifier expected.
-node update_pass.ts(213,19): error TS1434: Unexpected keyword or identifier.
-node update_pass.ts(213,39): error TS1005: ';' expected.
-node update_pass.ts(213,47): error TS1434: Unexpected keyword or identifier.
-node update_pass.ts(213,57): error TS1228: A type predicate is only allowed in return type position for functions and methods.
-node update_pass.ts(213,68): error TS1109: Expression expected.
-node update_pass.ts(214,17): error TS1003: Identifier expected.
-node update_pass.ts(214,33): error TS1005: ';' expected.
-node update_pass.ts(215,19): error TS1435: Unknown keyword or identifier. Did you mean 'set'?
-node update_pass.ts(215,23): error TS1434: Unexpected keyword or identifier.
-node update_pass.ts(215,27): error TS1435: Unknown keyword or identifier. Did you mean 'with'?
-node update_pass.ts(215,33): error TS1434: Unexpected keyword or identifier.
-node update_pass.ts(215,43): error TS1005: ';' expected.
-node update_pass.ts(215,48): error TS1434: Unexpected keyword or identifier.
-node update_pass.ts(215,55): error TS1435: Unknown keyword or identifier. Did you mean 'yield'?
-node update_pass.ts(215,61): error TS1434: Unexpected keyword or identifier.
-node update_pass.ts(215,64): error TS1434: Unexpected keyword or identifier.
-node update_pass.ts(216,17): error TS1003: Identifier expected.
-node update_pass.ts(217,19): error TS1434: Unexpected keyword or identifier.
-node update_pass.ts(217,26): error TS1434: Unexpected keyword or identifier.
-node update_pass.ts(218,17): error TS1003: Identifier expected.
-node update_pass.ts(219,19): error TS1434: Unexpected keyword or identifier.
-node update_pass.ts(219,65): error TS1002: Unterminated string literal.
-node update_pass.ts(221,19): error TS1434: Unexpected keyword or identifier.
-node update_pass.ts(221,26): error TS1434: Unexpected keyword or identifier.
-node update_pass.ts(221,37): error TS1434: Unexpected keyword or identifier.
-node update_pass.ts(221,42): error TS1434: Unexpected keyword or identifier.
-node update_pass.ts(222,17): error TS1003: Identifier expected.
-node update_pass.ts(222,26): error TS1005: ';' expected.
-node update_pass.ts(223,19): error TS1435: Unknown keyword or identifier. Did you mean 'set'?
-node update_pass.ts(223,23): error TS1434: Unexpected keyword or identifier.
-node update_pass.ts(223,27): error TS1434: Unexpected keyword or identifier.
-node update_pass.ts(223,37): error TS1434: Unexpected keyword or identifier.
-node update_pass.ts(223,42): error TS1434: Unexpected keyword or identifier.
-node update_pass.ts(223,45): error TS1434: Unexpected keyword or identifier.
-node update_pass.ts(223,50): error TS1434: Unexpected keyword or identifier.
-node update_pass.ts(224,17): error TS1003: Identifier expected.
-node update_pass.ts(225,19): error TS1434: Unexpected keyword or identifier.
-node update_pass.ts(225,26): error TS1434: Unexpected keyword or identifier.
-node update_pass.ts(225,32): error TS1434: Unexpected keyword or identifier.
-node update_pass.ts(225,39): error TS1434: Unexpected keyword or identifier.
-node update_pass.ts(225,51): error TS1434: Unexpected keyword or identifier.
-node update_pass.ts(226,17): error TS1003: Identifier expected.
-node update_pass.ts(226,35): error TS1005: ';' expected.
-node update_pass.ts(227,19): error TS1435: Unknown keyword or identifier. Did you mean 'set'?
-node update_pass.ts(227,23): error TS1434: Unexpected keyword or identifier.
-node update_pass.ts(227,27): error TS1435: Unknown keyword or identifier. Did you mean 'with'?
-node update_pass.ts(227,33): error TS1434: Unexpected keyword or identifier.
-node update_pass.ts(227,43): error TS1005: ';' expected.
-node update_pass.ts(227,50): error TS1434: Unexpected keyword or identifier.
-node update_pass.ts(227,57): error TS1434: Unexpected keyword or identifier.
-node update_pass.ts(227,60): error TS1434: Unexpected keyword or identifier.
-node update_pass.ts(228,17): error TS1003: Identifier expected.
-node update_pass.ts(229,19): error TS1434: Unexpected keyword or identifier.
-node update_pass.ts(229,30): error TS1434: Unexpected keyword or identifier.
-node update_pass.ts(229,38): error TS1434: Unexpected keyword or identifier.
-node update_pass.ts(229,62): error TS1005: ';' expected.
-node update_pass.ts(230,17): error TS1003: Identifier expected.
-node update_pass.ts(231,19): error TS1434: Unexpected keyword or identifier.
-node update_pass.ts(231,27): error TS1434: Unexpected keyword or identifier.
-node update_pass.ts(232,17): error TS1003: Identifier expected.
-node update_pass.ts(232,30): error TS1005: ';' expected.
-node update_pass.ts(233,19): error TS1434: Unexpected keyword or identifier.
-node update_pass.ts(233,24): error TS1434: Unexpected keyword or identifier.
-node update_pass.ts(233,30): error TS1434: Unexpected keyword or identifier.
-node update_pass.ts(233,33): error TS1434: Unexpected keyword or identifier.
-node update_pass.ts(233,37): error TS1434: Unexpected keyword or identifier.
-node update_pass.ts(233,43): error TS1434: Unexpected keyword or identifier.
-node update_pass.ts(233,49): error TS1434: Unexpected keyword or identifier.
-node update_pass.ts(233,55): error TS1434: Unexpected keyword or identifier.
-node update_pass.ts(236,2): error TS1003: Identifier expected.
-node update_pass.ts(236,4): error TS1109: Expression expected.
-node update_pass.ts(236,6): error TS1109: Expression expected.
-node update_pass.ts(236,8): error TS1109: Expression expected.
-node update_pass.ts(236,10): error TS1109: Expression expected.
-node update_pass.ts(236,12): error TS1109: Expression expected.
-node update_pass.ts(236,14): error TS1109: Expression expected.
-node update_pass.ts(236,16): error TS1109: Expression expected.
-node update_pass.ts(236,18): error TS1109: Expression expected.
-node update_pass.ts(236,20): error TS1109: Expression expected.
-node update_pass.ts(236,22): error TS1109: Expression expected.
-node update_pass.ts(236,24): error TS1109: Expression expected.
-node update_pass.ts(236,26): error TS1109: Expression expected.
-node update_pass.ts(236,28): error TS1109: Expression expected.
-node update_pass.ts(236,30): error TS1109: Expression expected.
-node update_pass.ts(236,32): error TS1109: Expression expected.
-node update_pass.ts(236,34): error TS1109: Expression expected.
-node update_pass.ts(236,36): error TS1109: Expression expected.
-node update_pass.ts(236,38): error TS1109: Expression expected.
-node update_pass.ts(236,40): error TS1109: Expression expected.
-node update_pass.ts(236,42): error TS1109: Expression expected.
-node update_pass.ts(236,44): error TS1109: Expression expected.
-node update_pass.ts(236,46): error TS1109: Expression expected.
-node update_pass.ts(236,48): error TS1109: Expression expected.
-node update_pass.ts(236,50): error TS1109: Expression expected.
-node update_pass.ts(236,52): error TS1109: Expression expected.
-node update_pass.ts(236,54): error TS1109: Expression expected.
-node update_pass.ts(236,56): error TS1109: Expression expected.
-node update_pass.ts(236,58): error TS1109: Expression expected.
-node update_pass.ts(236,60): error TS1109: Expression expected.
-node update_pass.ts(236,62): error TS1109: Expression expected.
-node update_pass.ts(236,64): error TS1109: Expression expected.
-node update_pass.ts(236,66): error TS1109: Expression expected.
-node update_pass.ts(236,68): error TS1109: Expression expected.
-node update_pass.ts(236,70): error TS1109: Expression expected.
-node update_pass.ts(236,72): error TS1109: Expression expected.
-node update_pass.ts(236,74): error TS1109: Expression expected.
-node update_pass.ts(236,76): error TS1109: Expression expected.
-node update_pass.ts(238,28): error TS1127: Invalid character.
-node update_pass.ts(238,31): error TS1127: Invalid character.
-node update_pass.ts(238,34): error TS1127: Invalid character.
-node update_pass.ts(238,37): error TS1127: Invalid character.
-node update_pass.ts(238,38): error TS1434: Unexpected keyword or identifier.
-node update_pass.ts(238,41): error TS1127: Invalid character.
-node update_pass.ts(238,44): error TS1127: Invalid character.
-node update_pass.ts(238,47): error TS1127: Invalid character.
-node update_pass.ts(238,50): error TS1127: Invalid character.
-node update_pass.ts(238,53): error TS1127: Invalid character.
-node update_pass.ts(238,56): error TS1127: Invalid character.
-node update_pass.ts(238,59): error TS1127: Invalid character.
-node update_pass.ts(240,9): error TS1434: Unexpected keyword or identifier.
-node update_pass.ts(240,15): error TS1434: Unexpected keyword or identifier.
-node update_pass.ts(240,20): error TS1434: Unexpected keyword or identifier.
-node update_pass.ts(240,24): error TS1434: Unexpected keyword or identifier.
-node update_pass.ts(240,27): error TS1434: Unexpected keyword or identifier.
-node update_pass.ts(240,32): error TS1434: Unexpected keyword or identifier.
-node update_pass.ts(240,35): error TS1434: Unexpected keyword or identifier.
-node update_pass.ts(240,40): error TS1434: Unexpected keyword or identifier.
-node update_pass.ts(240,45): error TS1434: Unexpected keyword or identifier.
-node update_pass.ts(241,9): error TS1434: Unexpected keyword or identifier.
-node update_pass.ts(241,12): error TS1434: Unexpected keyword or identifier.
-node update_pass.ts(241,31): error TS1005: ';' expected.
-node update_pass.ts(241,34): error TS1434: Unexpected keyword or identifier.
-node update_pass.ts(241,38): error TS1434: Unexpected keyword or identifier.
-node update_pass.ts(241,45): error TS1434: Unexpected keyword or identifier.
-node update_pass.ts(241,48): error TS1434: Unexpected keyword or identifier.
-node update_pass.ts(243,13): error TS1005: ';' expected.
-node update_pass.ts(243,16): error TS1128: Declaration or statement expected.
-node update_pass.ts(243,19): error TS1128: Declaration or statement expected.
-node update_pass.ts(243,22): error TS1128: Declaration or statement expected.
-node update_pass.ts(243,25): error TS1128: Declaration or statement expected.
-node update_pass.ts(243,28): error TS1128: Declaration or statement expected.
-node update_pass.ts(243,31): error TS1128: Declaration or statement expected.
-node update_pass.ts(243,41): error TS1005: ';' expected.
-node update_pass.ts(243,45): error TS1434: Unexpected keyword or identifier.
-node update_pass.ts(243,50): error TS1434: Unexpected keyword or identifier.
-node update_pass.ts(243,57): error TS1434: Unexpected keyword or identifier.
-node update_pass.ts(243,63): error TS1434: Unexpected keyword or identifier.
-node update_pass.ts(244,12): error TS1005: ';' expected.
-node update_pass.ts(244,15): error TS1128: Declaration or statement expected.
-node update_pass.ts(244,18): error TS1128: Declaration or statement expected.
-node update_pass.ts(244,21): error TS1128: Declaration or statement expected.
-node update_pass.ts(244,24): error TS1128: Declaration or statement expected.
-node update_pass.ts(244,27): error TS1128: Declaration or statement expected.
-node update_pass.ts(244,30): error TS1128: Declaration or statement expected.
-node update_pass.ts(244,33): error TS1128: Declaration or statement expected.
-node update_pass.ts(244,41): error TS1005: ';' expected.
-node update_pass.ts(244,45): error TS1434: Unexpected keyword or identifier.
-node update_pass.ts(244,50): error TS1434: Unexpected keyword or identifier.
-node update_pass.ts(244,57): error TS1435: Unknown keyword or identifier. Did you mean 'let'?
-node update_pass.ts(244,62): error TS1434: Unexpected keyword or identifier.
-node update_pass.ts(245,19): error TS1005: ';' expected.
-node update_pass.ts(245,35): error TS1005: ';' expected.
-node update_pass.ts(245,41): error TS1005: ';' expected.
-node update_pass.ts(245,45): error TS1434: Unexpected keyword or identifier.
-node update_pass.ts(245,50): error TS1434: Unexpected keyword or identifier.
-node update_pass.ts(245,57): error TS1434: Unexpected keyword or identifier.
-node update_pass.ts(245,63): error TS1434: Unexpected keyword or identifier.
-node update_pass.ts(246,19): error TS1005: ';' expected.
-node update_pass.ts(246,35): error TS1005: ';' expected.
-node update_pass.ts(246,41): error TS1005: ';' expected.
-node update_pass.ts(246,45): error TS1434: Unexpected keyword or identifier.
-node update_pass.ts(246,50): error TS1434: Unexpected keyword or identifier.
-node update_pass.ts(246,57): error TS1435: Unknown keyword or identifier. Did you mean 'let'?
-node update_pass.ts(246,62): error TS1434: Unexpected keyword or identifier.
-node update_pass.ts(247,7): error TS1005: ';' expected.
-node update_pass.ts(247,10): error TS1128: Declaration or statement expected.
-node update_pass.ts(247,13): error TS1128: Declaration or statement expected.
-node update_pass.ts(247,16): error TS1128: Declaration or statement expected.
-node update_pass.ts(247,19): error TS1128: Declaration or statement expected.
-node update_pass.ts(247,22): error TS1128: Declaration or statement expected.
-node update_pass.ts(247,25): error TS1128: Declaration or statement expected.
-node update_pass.ts(247,28): error TS1128: Declaration or statement expected.
-node update_pass.ts(247,31): error TS1128: Declaration or statement expected.
-node update_pass.ts(247,41): error TS1005: ';' expected.
-node update_pass.ts(247,45): error TS1434: Unexpected keyword or identifier.
-node update_pass.ts(247,50): error TS1434: Unexpected keyword or identifier.
-node update_pass.ts(247,57): error TS1434: Unexpected keyword or identifier.
-node update_pass.ts(247,60): error TS1434: Unexpected keyword or identifier.
-node update_pass.ts(247,66): error TS1434: Unexpected keyword or identifier.
-node update_pass.ts(248,6): error TS1005: ';' expected.
-node update_pass.ts(248,9): error TS1128: Declaration or statement expected.
-node update_pass.ts(248,12): error TS1128: Declaration or statement expected.
-node update_pass.ts(248,15): error TS1128: Declaration or statement expected.
-node update_pass.ts(248,18): error TS1128: Declaration or statement expected.
-node update_pass.ts(248,21): error TS1128: Declaration or statement expected.
-node update_pass.ts(248,24): error TS1128: Declaration or statement expected.
-node update_pass.ts(248,27): error TS1128: Declaration or statement expected.
-node update_pass.ts(248,30): error TS1128: Declaration or statement expected.
-node update_pass.ts(248,33): error TS1128: Declaration or statement expected.
-node update_pass.ts(248,41): error TS1005: ';' expected.
-node update_pass.ts(248,45): error TS1434: Unexpected keyword or identifier.
-node update_pass.ts(248,50): error TS1434: Unexpected keyword or identifier.
-node update_pass.ts(248,57): error TS1434: Unexpected keyword or identifier.
-node update_pass.ts(248,60): error TS1434: Unexpected keyword or identifier.
-node update_pass.ts(248,64): error TS1434: Unexpected keyword or identifier.
-node update_pass.ts(249,12): error TS1005: ';' expected.
-node update_pass.ts(249,15): error TS1128: Declaration or statement expected.
-node update_pass.ts(249,18): error TS1128: Declaration or statement expected.
-node update_pass.ts(249,21): error TS1128: Declaration or statement expected.
-node update_pass.ts(249,24): error TS1128: Declaration or statement expected.
-node update_pass.ts(249,27): error TS1128: Declaration or statement expected.
-node update_pass.ts(249,30): error TS1128: Declaration or statement expected.
-node update_pass.ts(249,33): error TS1128: Declaration or statement expected.
-node update_pass.ts(249,36): error TS1128: Declaration or statement expected.
-node update_pass.ts(249,39): error TS1128: Declaration or statement expected.
-node update_pass.ts(249,42): error TS1128: Declaration or statement expected.
-node update_pass.ts(249,43): error TS1128: Declaration or statement expected.
-node update_pass.ts(249,45): error TS1435: Unknown keyword or identifier. Did you mean 'delete'?
-node update_pass.ts(249,52): error TS1434: Unexpected keyword or identifier.
-node update_pass.ts(249,57): error TS1434: Unexpected keyword or identifier.
-node update_pass.ts(249,60): error TS1435: Unknown keyword or identifier. Did you mean 'let'?
-node update_pass.ts(249,65): error TS1434: Unexpected keyword or identifier.
-node update_pass.ts(250,9): error TS1005: ';' expected.
-node update_pass.ts(250,12): error TS1128: Declaration or statement expected.
-node update_pass.ts(250,15): error TS1128: Declaration or statement expected.
-node update_pass.ts(250,18): error TS1128: Declaration or statement expected.
-node update_pass.ts(250,21): error TS1128: Declaration or statement expected.
-node update_pass.ts(250,24): error TS1128: Declaration or statement expected.
-node update_pass.ts(250,27): error TS1128: Declaration or statement expected.
-node update_pass.ts(250,30): error TS1128: Declaration or statement expected.
-node update_pass.ts(250,33): error TS1128: Declaration or statement expected.
-node update_pass.ts(250,41): error TS1005: ';' expected.
-node update_pass.ts(250,45): error TS1435: Unknown keyword or identifier. Did you mean 'delete'?
-node update_pass.ts(250,52): error TS1434: Unexpected keyword or identifier.
-node update_pass.ts(250,57): error TS1434: Unexpected keyword or identifier.
-node update_pass.ts(251,19): error TS1005: ';' expected.
-node update_pass.ts(251,33): error TS1005: ';' expected.
-node update_pass.ts(251,36): error TS1128: Declaration or statement expected.
-node update_pass.ts(251,39): error TS1128: Declaration or statement expected.
-node update_pass.ts(251,42): error TS1128: Declaration or statement expected.
-node update_pass.ts(251,43): error TS1128: Declaration or statement expected.
-node update_pass.ts(251,45): error TS1435: Unknown keyword or identifier. Did you mean 'delete'?
-node update_pass.ts(251,52): error TS1434: Unexpected keyword or identifier.
-node update_pass.ts(251,57): error TS1434: Unexpected keyword or identifier.
-node update_pass.ts(251,60): error TS1435: Unknown keyword or identifier. Did you mean 'let'?
-node update_pass.ts(251,65): error TS1434: Unexpected keyword or identifier.
-node update_pass.ts(252,14): error TS1005: ';' expected.
-node update_pass.ts(252,17): error TS1128: Declaration or statement expected.
-node update_pass.ts(252,30): error TS1005: ';' expected.
-node update_pass.ts(252,33): error TS1128: Declaration or statement expected.
-node update_pass.ts(252,41): error TS1005: ';' expected.
-node update_pass.ts(252,45): error TS1435: Unknown keyword or identifier. Did you mean 'delete'?
-node update_pass.ts(252,52): error TS1434: Unexpected keyword or identifier.
-node update_pass.ts(252,57): error TS1434: Unexpected keyword or identifier.
-node update_pass.ts(253,9): error TS1005: ';' expected.
-node update_pass.ts(253,12): error TS1128: Declaration or statement expected.
-node update_pass.ts(253,15): error TS1128: Declaration or statement expected.
-node update_pass.ts(253,31): error TS1005: ',' expected.
-node update_pass.ts(253,37): error TS1005: ';' expected.
-node update_pass.ts(253,40): error TS1128: Declaration or statement expected.
-node update_pass.ts(253,43): error TS1128: Declaration or statement expected.
-node update_pass.ts(253,45): error TS1435: Unknown keyword or identifier. Did you mean 'delete'?
-node update_pass.ts(253,52): error TS1434: Unexpected keyword or identifier.
-node update_pass.ts(254,10): error TS1005: ';' expected.
-node update_pass.ts(254,13): error TS1128: Declaration or statement expected.
-node update_pass.ts(254,16): error TS1128: Declaration or statement expected.
-node update_pass.ts(254,19): error TS1128: Declaration or statement expected.
-node update_pass.ts(254,22): error TS1128: Declaration or statement expected.
-node update_pass.ts(254,25): error TS1128: Declaration or statement expected.
-node update_pass.ts(254,28): error TS1128: Declaration or statement expected.
-node update_pass.ts(254,31): error TS1128: Declaration or statement expected.
-node update_pass.ts(254,41): error TS1005: ';' expected.
-node update_pass.ts(254,45): error TS1434: Unexpected keyword or identifier.
-node update_pass.ts(254,54): error TS1434: Unexpected keyword or identifier.
-node update_pass.ts(254,63): error TS1434: Unexpected keyword or identifier.
-node update_pass.ts(255,12): error TS1005: ';' expected.
-node update_pass.ts(255,15): error TS1128: Declaration or statement expected.
-node update_pass.ts(255,18): error TS1128: Declaration or statement expected.
-node update_pass.ts(255,21): error TS1128: Declaration or statement expected.
-node update_pass.ts(255,24): error TS1128: Declaration or statement expected.
-node update_pass.ts(255,27): error TS1128: Declaration or statement expected.
-node update_pass.ts(255,30): error TS1128: Declaration or statement expected.
-node update_pass.ts(255,33): error TS1128: Declaration or statement expected.
-node update_pass.ts(255,41): error TS1005: ';' expected.
-node update_pass.ts(255,45): error TS1434: Unexpected keyword or identifier.
-node update_pass.ts(255,54): error TS1434: Unexpected keyword or identifier.
-node update_pass.ts(255,59): error TS1434: Unexpected keyword or identifier.
-node update_pass.ts(256,6): error TS1005: ';' expected.
-node update_pass.ts(256,9): error TS1128: Declaration or statement expected.
-node update_pass.ts(256,12): error TS1128: Declaration or statement expected.
-node update_pass.ts(256,15): error TS1128: Declaration or statement expected.
-node update_pass.ts(256,18): error TS1128: Declaration or statement expected.
-node update_pass.ts(256,21): error TS1128: Declaration or statement expected.
-node update_pass.ts(256,24): error TS1128: Declaration or statement expected.
-node update_pass.ts(256,27): error TS1128: Declaration or statement expected.
-node update_pass.ts(256,30): error TS1128: Declaration or statement expected.
-node update_pass.ts(256,33): error TS1128: Declaration or statement expected.
-node update_pass.ts(256,36): error TS1128: Declaration or statement expected.
-node update_pass.ts(256,39): error TS1128: Declaration or statement expected.
-node update_pass.ts(256,42): error TS1128: Declaration or statement expected.
-node update_pass.ts(256,43): error TS1128: Declaration or statement expected.
-node update_pass.ts(256,45): error TS1434: Unexpected keyword or identifier.
-node update_pass.ts(257,12): error TS1005: ';' expected.
-node update_pass.ts(257,15): error TS1128: Declaration or statement expected.
-node update_pass.ts(257,18): error TS1128: Declaration or statement expected.
-node update_pass.ts(257,21): error TS1128: Declaration or statement expected.
-node update_pass.ts(257,24): error TS1128: Declaration or statement expected.
-node update_pass.ts(257,27): error TS1128: Declaration or statement expected.
-node update_pass.ts(257,30): error TS1128: Declaration or statement expected.
-node update_pass.ts(257,33): error TS1128: Declaration or statement expected.
-node update_pass.ts(257,45): error TS1005: ';' expected.
-node update_pass.ts(257,73): error TS1005: ';' expected.
-node update_pass.ts(258,9): error TS1005: ';' expected.
-node update_pass.ts(258,12): error TS1128: Declaration or statement expected.
-node update_pass.ts(258,15): error TS1128: Declaration or statement expected.
-node update_pass.ts(258,18): error TS1128: Declaration or statement expected.
-node update_pass.ts(258,21): error TS1128: Declaration or statement expected.
-node update_pass.ts(258,24): error TS1128: Declaration or statement expected.
-node update_pass.ts(258,27): error TS1128: Declaration or statement expected.
-node update_pass.ts(258,30): error TS1128: Declaration or statement expected.
-node update_pass.ts(258,33): error TS1128: Declaration or statement expected.
-node update_pass.ts(258,36): error TS1128: Declaration or statement expected.
-node update_pass.ts(258,39): error TS1128: Declaration or statement expected.
-node update_pass.ts(258,42): error TS1128: Declaration or statement expected.
-node update_pass.ts(258,43): error TS1128: Declaration or statement expected.
-node update_pass.ts(258,45): error TS1434: Unexpected keyword or identifier.
-node update_pass.ts(258,69): error TS1005: ';' expected.
-node update_pass.ts(258,73): error TS1003: Identifier expected.
-node update_pass.ts(259,1): error TS1005: '}' expected.
-node verify_user.ts(2,21): error TS1127: Invalid character.
-node verify_user.ts(2,24): error TS1127: Invalid character.
-node verify_user.ts(2,27): error TS1127: Invalid character.
-node verify_user.ts(2,30): error TS1127: Invalid character.
-node verify_user.ts(2,33): error TS1127: Invalid character.
-node verify_user.ts(2,36): error TS1127: Invalid character.
-node verify_user.ts(2,39): error TS1127: Invalid character.
-node verify_user.ts(2,40): error TS1434: Unexpected keyword or identifier.
-node verify_user.ts(2,43): error TS1127: Invalid character.
-node verify_user.ts(2,46): error TS1127: Invalid character.
-node verify_user.ts(2,47): error TS1434: Unexpected keyword or identifier.
-node verify_user.ts(2,50): error TS1127: Invalid character.
-node verify_user.ts(2,53): error TS1127: Invalid character.
-node verify_user.ts(2,56): error TS1127: Invalid character.
-node verify_user.ts(2,59): error TS1127: Invalid character.
-node verify_user.ts(2,60): error TS1434: Unexpected keyword or identifier.
-node verify_user.ts(2,63): error TS1127: Invalid character.
-node verify_user.ts(2,66): error TS1127: Invalid character.
-node verify_user.ts(2,69): error TS1127: Invalid character.
-node verify_user.ts(2,72): error TS1127: Invalid character.
-node verify_user.ts(2,75): error TS1127: Invalid character.
-node verify_user.ts(2,78): error TS1127: Invalid character.
-node verify_user.ts(2,81): error TS1127: Invalid character.
-node verify_user.ts(2,84): error TS1127: Invalid character.
-node verify_user.ts(4,7): error TS1434: Unexpected keyword or identifier.
-node verify_user.ts(4,16): error TS1434: Unexpected keyword or identifier.
-node verify_user.ts(4,28): error TS1005: '(' expected.
-node verify_user.ts(4,34): error TS1005: ')' expected.
-node verify_user.ts(4,37): error TS1434: Unexpected keyword or identifier.
-node verify_user.ts(4,46): error TS1434: Unexpected keyword or identifier.
-node verify_user.ts(4,49): error TS1434: Unexpected keyword or identifier.
-node verify_user.ts(4,60): error TS1127: Invalid character.
-node verify_user.ts(4,63): error TS1003: Identifier expected.
-node verify_user.ts(5,28): error TS1005: ';' expected.
-node verify_user.ts(5,37): error TS1434: Unexpected keyword or identifier.
-node verify_user.ts(5,41): error TS1434: Unexpected keyword or identifier.
-node verify_user.ts(5,53): error TS1005: '(' expected.
-node verify_user.ts(5,54): error TS1127: Invalid character.
-node verify_user.ts(5,55): error TS1434: Unexpected keyword or identifier.
-node verify_user.ts(5,57): error TS1228: A type predicate is only allowed in return type position for functions and methods.
-node verify_user.ts(5,66): error TS1003: Identifier expected.
-node verify_user.ts(6,7): error TS1434: Unexpected keyword or identifier.
-node verify_user.ts(6,9): error TS1434: Unexpected keyword or identifier.
-node verify_user.ts(6,13): error TS1434: Unexpected keyword or identifier.
-node verify_user.ts(6,22): error TS1434: Unexpected keyword or identifier.
-node verify_user.ts(6,25): error TS1434: Unexpected keyword or identifier.
-node verify_user.ts(6,27): error TS1434: Unexpected keyword or identifier.
-node verify_user.ts(6,33): error TS1434: Unexpected keyword or identifier.
-node verify_user.ts(6,43): error TS1434: Unexpected keyword or identifier.
-node verify_user.ts(6,47): error TS1434: Unexpected keyword or identifier.
-node verify_user.ts(6,65): error TS1005: ';' expected.
-node verify_user.ts(6,75): error TS1003: Identifier expected.
-node verify_user.ts(8,3): error TS1434: Unexpected keyword or identifier.
-node verify_user.ts(8,6): error TS1434: Unexpected keyword or identifier.
-node verify_user.ts(8,24): error TS1434: Unexpected keyword or identifier.
-node verify_user.ts(8,37): error TS1005: ';' expected.
-node verify_user.ts(9,6): error TS1005: ';' expected.
-node verify_user.ts(9,7): error TS1434: Unexpected keyword or identifier.
-node verify_user.ts(9,14): error TS1434: Unexpected keyword or identifier.
-node verify_user.ts(9,17): error TS1434: Unexpected keyword or identifier.
-node verify_user.ts(10,2): error TS1003: Identifier expected.
-node verify_user.ts(10,4): error TS1109: Expression expected.
-node verify_user.ts(10,6): error TS1109: Expression expected.
-node verify_user.ts(10,8): error TS1109: Expression expected.
-node verify_user.ts(10,10): error TS1109: Expression expected.
-node verify_user.ts(10,12): error TS1109: Expression expected.
-node verify_user.ts(10,14): error TS1109: Expression expected.
-node verify_user.ts(10,16): error TS1109: Expression expected.
-node verify_user.ts(10,18): error TS1109: Expression expected.
-node verify_user.ts(10,20): error TS1109: Expression expected.
-node verify_user.ts(10,22): error TS1109: Expression expected.
-node verify_user.ts(10,24): error TS1109: Expression expected.
-node verify_user.ts(10,26): error TS1109: Expression expected.
-node verify_user.ts(10,28): error TS1109: Expression expected.
-node verify_user.ts(10,30): error TS1109: Expression expected.
-node verify_user.ts(10,32): error TS1109: Expression expected.
-node verify_user.ts(10,34): error TS1109: Expression expected.
-node verify_user.ts(10,36): error TS1109: Expression expected.
-node verify_user.ts(10,38): error TS1109: Expression expected.
-node verify_user.ts(10,40): error TS1109: Expression expected.
-node verify_user.ts(10,42): error TS1109: Expression expected.
-node verify_user.ts(10,44): error TS1109: Expression expected.
-node verify_user.ts(10,46): error TS1109: Expression expected.
-node verify_user.ts(10,48): error TS1109: Expression expected.
-node verify_user.ts(10,50): error TS1109: Expression expected.
-node verify_user.ts(10,52): error TS1109: Expression expected.
-node verify_user.ts(10,54): error TS1109: Expression expected.
-node verify_user.ts(10,56): error TS1109: Expression expected.
-node verify_user.ts(10,58): error TS1109: Expression expected.
-node verify_user.ts(10,60): error TS1109: Expression expected.
-node verify_user.ts(10,62): error TS1109: Expression expected.
-node verify_user.ts(10,64): error TS1109: Expression expected.
-node verify_user.ts(10,66): error TS1109: Expression expected.
-node verify_user.ts(10,68): error TS1109: Expression expected.
-node verify_user.ts(10,70): error TS1109: Expression expected.
-node verify_user.ts(10,72): error TS1109: Expression expected.
-node verify_user.ts(10,74): error TS1109: Expression expected.
-node verify_user.ts(10,76): error TS1109: Expression expected.
-node verify_user.ts(12,29): error TS1127: Invalid character.
-node verify_user.ts(12,32): error TS1127: Invalid character.
-node verify_user.ts(12,35): error TS1127: Invalid character.
-node verify_user.ts(12,38): error TS1127: Invalid character.
-node verify_user.ts(12,41): error TS1127: Invalid character.
-node verify_user.ts(12,44): error TS1127: Invalid character.
-node verify_user.ts(14,10): error TS1005: ';' expected.
-node verify_user.ts(14,17): error TS1005: ';' expected.
-node verify_user.ts(14,33): error TS1005: ';' expected.
-node verify_user.ts(14,48): error TS1005: ',' expected.
-node verify_user.ts(14,49): error TS1127: Invalid character.
-node verify_user.ts(14,52): error TS1005: ',' expected.
-node verify_user.ts(15,10): error TS1005: ';' expected.
-node verify_user.ts(15,33): error TS1005: ';' expected.
-node verify_user.ts(15,48): error TS1005: ',' expected.
-node verify_user.ts(15,49): error TS1127: Invalid character.
-node verify_user.ts(15,52): error TS1005: ',' expected.
-node verify_user.ts(16,14): error TS1005: ';' expected.
-node verify_user.ts(16,33): error TS1005: ';' expected.
-node verify_user.ts(16,48): error TS1005: ',' expected.
-node verify_user.ts(16,49): error TS1127: Invalid character.
-node verify_user.ts(16,52): error TS1005: ',' expected.
-node verify_user.ts(17,10): error TS1005: ';' expected.
-node verify_user.ts(17,33): error TS1005: ';' expected.
-node verify_user.ts(17,48): error TS1005: ',' expected.
-node verify_user.ts(17,49): error TS1127: Invalid character.
-node verify_user.ts(17,52): error TS1005: ',' expected.
-node verify_user.ts(18,33): error TS1005: ';' expected.
-node verify_user.ts(18,49): error TS1005: ',' expected.
-node verify_user.ts(18,53): error TS1005: ',' expected.
-node verify_user.ts(18,60): error TS1005: ',' expected.
-node verify_user.ts(18,63): error TS1005: ',' expected.
-node verify_user.ts(18,64): error TS1127: Invalid character.
-node verify_user.ts(19,33): error TS1005: ';' expected.
-node verify_user.ts(19,49): error TS1005: ',' expected.
-node verify_user.ts(19,53): error TS1005: ',' expected.
-node verify_user.ts(19,60): error TS1005: ',' expected.
-node verify_user.ts(19,63): error TS1005: ',' expected.
-node verify_user.ts(19,64): error TS1127: Invalid character.
-node verify_user.ts(20,33): error TS1005: ';' expected.
-node verify_user.ts(20,49): error TS1005: ';' expected.
-node verify_user.ts(20,49): error TS1434: Unexpected keyword or identifier.
-node verify_user.ts(20,75): error TS1002: Unterminated string literal.
-node verify_user.ts(21,33): error TS1005: ';' expected.
-node verify_user.ts(21,54): error TS1005: ',' expected.
-node verify_user.ts(21,58): error TS1005: ',' expected.
-node verify_user.ts(21,70): error TS1005: ',' expected.
-node verify_user.ts(21,73): error TS1005: ',' expected.
-node verify_user.ts(21,74): error TS1127: Invalid character.
-node verify_user.ts(22,33): error TS1005: ';' expected.
-node verify_user.ts(22,54): error TS1005: ',' expected.
-node verify_user.ts(22,58): error TS1005: ',' expected.
-node verify_user.ts(22,70): error TS1005: ',' expected.
-node verify_user.ts(22,73): error TS1005: ',' expected.
-node verify_user.ts(22,74): error TS1127: Invalid character.
-node verify_user.ts(23,7): error TS1109: Expression expected.
-node verify_user.ts(23,30): error TS1005: ';' expected.
-node verify_user.ts(23,34): error TS1434: Unexpected keyword or identifier.
-node verify_user.ts(23,39): error TS1434: Unexpected keyword or identifier.
-node verify_user.ts(23,56): error TS1005: ',' expected.
-node verify_user.ts(23,57): error TS1127: Invalid character.
-node verify_user.ts(23,60): error TS1005: ',' expected.
-node verify_user.ts(24,30): error TS1005: ')' expected.
-node verify_user.ts(24,34): error TS1434: Unexpected keyword or identifier.
-node verify_user.ts(24,39): error TS1434: Unexpected keyword or identifier.
-node verify_user.ts(24,56): error TS1005: ',' expected.
-node verify_user.ts(24,57): error TS1127: Invalid character.
-node verify_user.ts(24,60): error TS1005: ',' expected.
-node verify_user.ts(25,7): error TS1109: Expression expected.
-node verify_user.ts(25,10): error TS1109: Expression expected.
-node verify_user.ts(25,24): error TS1005: ';' expected.
-node verify_user.ts(25,30): error TS1434: Unexpected keyword or identifier.
-node verify_user.ts(25,33): error TS1434: Unexpected keyword or identifier.
-node verify_user.ts(25,38): error TS1434: Unexpected keyword or identifier.
-node verify_user.ts(26,10): error TS1136: Property assignment expected.
-node verify_user.ts(26,24): error TS1005: ';' expected.
-node verify_user.ts(26,30): error TS1434: Unexpected keyword or identifier.
-node verify_user.ts(26,33): error TS1434: Unexpected keyword or identifier.
-node verify_user.ts(26,46): error TS1003: Identifier expected.
-node verify_user.ts(27,3): error TS1434: Unexpected keyword or identifier.
-node verify_user.ts(27,24): error TS1434: Unexpected keyword or identifier.
-node verify_user.ts(27,41): error TS1434: Unexpected keyword or identifier.
-node verify_user.ts(28,24): error TS1005: ';' expected.
-node verify_user.ts(28,29): error TS1434: Unexpected keyword or identifier.
-node verify_user.ts(28,31): error TS1434: Unexpected keyword or identifier.
-node verify_user.ts(28,35): error TS1434: Unexpected keyword or identifier.
-node verify_user.ts(28,40): error TS1434: Unexpected keyword or identifier.
-node verify_user.ts(28,45): error TS1434: Unexpected keyword or identifier.
-node verify_user.ts(28,52): error TS1434: Unexpected keyword or identifier.
-node verify_user.ts(28,60): error TS1228: A type predicate is only allowed in return type position for functions and methods.
-node verify_user.ts(29,24): error TS1005: ';' expected.
-node verify_user.ts(29,39): error TS1003: Identifier expected.
-node verify_user.ts(30,3): error TS1434: Unexpected keyword or identifier.
-node verify_user.ts(30,24): error TS1434: Unexpected keyword or identifier.
-node verify_user.ts(30,51): error TS1005: ';' expected.
-node verify_user.ts(31,9): error TS1003: Identifier expected.
-node verify_user.ts(31,11): error TS1109: Expression expected.
-node verify_user.ts(31,13): error TS1109: Expression expected.
-node verify_user.ts(31,15): error TS1109: Expression expected.
-node verify_user.ts(31,17): error TS1109: Expression expected.
-node verify_user.ts(31,19): error TS1109: Expression expected.
-node verify_user.ts(31,21): error TS1109: Expression expected.
-node verify_user.ts(31,23): error TS1109: Expression expected.
-node verify_user.ts(31,25): error TS1109: Expression expected.
-node verify_user.ts(31,27): error TS1109: Expression expected.
-node verify_user.ts(31,29): error TS1109: Expression expected.
-node verify_user.ts(31,31): error TS1109: Expression expected.
-node verify_user.ts(31,33): error TS1109: Expression expected.
-node verify_user.ts(31,35): error TS1109: Expression expected.
-node verify_user.ts(31,37): error TS1109: Expression expected.
-node verify_user.ts(31,39): error TS1109: Expression expected.
-node verify_user.ts(31,41): error TS1109: Expression expected.
-node verify_user.ts(31,43): error TS1109: Expression expected.
-node verify_user.ts(31,45): error TS1109: Expression expected.
-node verify_user.ts(31,47): error TS1109: Expression expected.
-node verify_user.ts(31,49): error TS1109: Expression expected.
-node verify_user.ts(31,51): error TS1109: Expression expected.
-node verify_user.ts(31,53): error TS1109: Expression expected.
-node verify_user.ts(31,55): error TS1109: Expression expected.
-node verify_user.ts(31,57): error TS1109: Expression expected.
-node verify_user.ts(31,59): error TS1109: Expression expected.
-node verify_user.ts(32,17): error TS1005: ';' expected.
-node verify_user.ts(32,26): error TS1005: ';' expected.
-node verify_user.ts(32,29): error TS1434: Unexpected keyword or identifier.
-node verify_user.ts(32,33): error TS1434: Unexpected keyword or identifier.
-node verify_user.ts(33,17): error TS1005: ';' expected.
-node verify_user.ts(33,31): error TS1005: ';' expected.
-node verify_user.ts(33,34): error TS1434: Unexpected keyword or identifier.
-node verify_user.ts(33,39): error TS1434: Unexpected keyword or identifier.
-node verify_user.ts(33,42): error TS1434: Unexpected keyword or identifier.
-node verify_user.ts(33,46): error TS1434: Unexpected keyword or identifier.
-node verify_user.ts(34,2): error TS1003: Identifier expected.
-node verify_user.ts(34,4): error TS1109: Expression expected.
-node verify_user.ts(34,6): error TS1109: Expression expected.
-node verify_user.ts(34,8): error TS1109: Expression expected.
-node verify_user.ts(34,10): error TS1109: Expression expected.
-node verify_user.ts(34,12): error TS1109: Expression expected.
-node verify_user.ts(34,14): error TS1109: Expression expected.
-node verify_user.ts(34,16): error TS1109: Expression expected.
-node verify_user.ts(34,18): error TS1109: Expression expected.
-node verify_user.ts(34,20): error TS1109: Expression expected.
-node verify_user.ts(34,22): error TS1109: Expression expected.
-node verify_user.ts(34,24): error TS1109: Expression expected.
-node verify_user.ts(34,26): error TS1109: Expression expected.
-node verify_user.ts(34,28): error TS1109: Expression expected.
-node verify_user.ts(34,30): error TS1109: Expression expected.
-node verify_user.ts(34,32): error TS1109: Expression expected.
-node verify_user.ts(34,34): error TS1109: Expression expected.
-node verify_user.ts(34,36): error TS1109: Expression expected.
-node verify_user.ts(34,38): error TS1109: Expression expected.
-node verify_user.ts(34,40): error TS1109: Expression expected.
-node verify_user.ts(34,42): error TS1109: Expression expected.
-node verify_user.ts(34,44): error TS1109: Expression expected.
-node verify_user.ts(34,46): error TS1109: Expression expected.
-node verify_user.ts(34,48): error TS1109: Expression expected.
-node verify_user.ts(34,50): error TS1109: Expression expected.
-node verify_user.ts(34,52): error TS1109: Expression expected.
-node verify_user.ts(34,54): error TS1109: Expression expected.
-node verify_user.ts(34,56): error TS1109: Expression expected.
-node verify_user.ts(34,58): error TS1109: Expression expected.
-node verify_user.ts(34,60): error TS1109: Expression expected.
-node verify_user.ts(34,62): error TS1109: Expression expected.
-node verify_user.ts(34,64): error TS1109: Expression expected.
-node verify_user.ts(34,66): error TS1109: Expression expected.
-node verify_user.ts(34,68): error TS1109: Expression expected.
-node verify_user.ts(34,70): error TS1109: Expression expected.
-node verify_user.ts(34,72): error TS1109: Expression expected.
-node verify_user.ts(34,74): error TS1109: Expression expected.
-node verify_user.ts(34,76): error TS1109: Expression expected.
-node verify_user.ts(36,28): error TS1127: Invalid character.
-node verify_user.ts(36,31): error TS1127: Invalid character.
-node verify_user.ts(36,34): error TS1127: Invalid character.
-node verify_user.ts(36,37): error TS1127: Invalid character.
-node verify_user.ts(36,40): error TS1127: Invalid character.
-node verify_user.ts(36,43): error TS1127: Invalid character.
-node verify_user.ts(36,46): error TS1127: Invalid character.
-node verify_user.ts(36,49): error TS1127: Invalid character.
-node verify_user.ts(36,52): error TS1127: Invalid character.
-node verify_user.ts(38,5): error TS1127: Invalid character.
-node verify_user.ts(38,8): error TS1127: Invalid character.
-node verify_user.ts(38,11): error TS1127: Invalid character.
-node verify_user.ts(38,14): error TS1127: Invalid character.
-node verify_user.ts(38,17): error TS1127: Invalid character.
-node verify_user.ts(38,20): error TS1127: Invalid character.
-node verify_user.ts(38,23): error TS1127: Invalid character.
-node verify_user.ts(38,45): error TS1005: ';' expected.
-node verify_user.ts(38,59): error TS1127: Invalid character.
-node verify_user.ts(38,64): error TS1005: ';' expected.
-node verify_user.ts(38,66): error TS1434: Unexpected keyword or identifier.
-node verify_user.ts(39,3): error TS1003: Identifier expected.
-node verify_user.ts(39,5): error TS1127: Invalid character.
-node verify_user.ts(39,8): error TS1127: Invalid character.
-node verify_user.ts(39,11): error TS1127: Invalid character.
-node verify_user.ts(39,14): error TS1127: Invalid character.
-node verify_user.ts(39,17): error TS1127: Invalid character.
-node verify_user.ts(39,20): error TS1127: Invalid character.
-node verify_user.ts(39,23): error TS1127: Invalid character.
-node verify_user.ts(39,45): error TS1005: ';' expected.
-node verify_user.ts(39,60): error TS1127: Invalid character.
-node verify_user.ts(39,65): error TS1005: ';' expected.
-node verify_user.ts(39,67): error TS1434: Unexpected keyword or identifier.
-node verify_user.ts(40,31): error TS1005: ';' expected.
-node verify_user.ts(40,48): error TS1135: Argument expression expected.
-node verify_user.ts(40,52): error TS1005: '(' expected.
-node verify_user.ts(40,53): error TS1127: Invalid character.
-node verify_user.ts(40,59): error TS1005: ';' expected.
-node verify_user.ts(40,69): error TS1128: Declaration or statement expected.
-node verify_user.ts(40,70): error TS1128: Declaration or statement expected.
-node verify_user.ts(41,31): error TS1005: ';' expected.
-node verify_user.ts(41,58): error TS1005: ';' expected.
-node verify_user.ts(42,31): error TS1005: ';' expected.
-node verify_user.ts(42,57): error TS1005: ';' expected.
-node verify_user.ts(43,31): error TS1005: ';' expected.
-node verify_user.ts(43,56): error TS1005: ';' expected.
-node verify_user.ts(43,61): error TS1003: Identifier expected.
-node verify_user.ts(43,72): error TS1005: ';' expected.
-node verify_user.ts(44,24): error TS1005: ';' expected.
-node verify_user.ts(44,38): error TS1005: ';' expected.
-node verify_user.ts(45,24): error TS1005: ';' expected.
-node verify_user.ts(45,30): error TS1434: Unexpected keyword or identifier.
-node verify_user.ts(46,3): error TS1003: Identifier expected.
-node verify_user.ts(46,5): error TS1127: Invalid character.
-node verify_user.ts(46,8): error TS1127: Invalid character.
-node verify_user.ts(46,11): error TS1127: Invalid character.
-node verify_user.ts(46,14): error TS1127: Invalid character.
-node verify_user.ts(46,17): error TS1127: Invalid character.
-node verify_user.ts(46,20): error TS1127: Invalid character.
-node verify_user.ts(46,23): error TS1127: Invalid character.
-node verify_user.ts(46,46): error TS1005: ';' expected.
-node verify_user.ts(46,51): error TS1434: Unexpected keyword or identifier.
-node verify_user.ts(47,9): error TS1003: Identifier expected.
-node verify_user.ts(47,11): error TS1109: Expression expected.
-node verify_user.ts(47,13): error TS1109: Expression expected.
-node verify_user.ts(47,15): error TS1109: Expression expected.
-node verify_user.ts(47,17): error TS1109: Expression expected.
-node verify_user.ts(47,19): error TS1109: Expression expected.
-node verify_user.ts(47,21): error TS1109: Expression expected.
-node verify_user.ts(47,23): error TS1109: Expression expected.
-node verify_user.ts(47,25): error TS1109: Expression expected.
-node verify_user.ts(47,27): error TS1109: Expression expected.
-node verify_user.ts(47,29): error TS1109: Expression expected.
-node verify_user.ts(47,31): error TS1109: Expression expected.
-node verify_user.ts(47,33): error TS1109: Expression expected.
-node verify_user.ts(47,35): error TS1109: Expression expected.
-node verify_user.ts(47,37): error TS1109: Expression expected.
-node verify_user.ts(47,39): error TS1109: Expression expected.
-node verify_user.ts(47,41): error TS1109: Expression expected.
-node verify_user.ts(47,43): error TS1109: Expression expected.
-node verify_user.ts(47,45): error TS1109: Expression expected.
-node verify_user.ts(47,47): error TS1109: Expression expected.
-node verify_user.ts(47,49): error TS1109: Expression expected.
-node verify_user.ts(47,51): error TS1109: Expression expected.
-node verify_user.ts(47,53): error TS1109: Expression expected.
-node verify_user.ts(47,55): error TS1109: Expression expected.
-node verify_user.ts(47,57): error TS1109: Expression expected.
-node verify_user.ts(47,59): error TS1109: Expression expected.
-node verify_user.ts(48,11): error TS1005: ';' expected.
-node verify_user.ts(48,18): error TS1434: Unexpected keyword or identifier.
-node verify_user.ts(48,26): error TS1434: Unexpected keyword or identifier.
-node verify_user.ts(48,30): error TS1434: Unexpected keyword or identifier.
-node verify_user.ts(48,41): error TS1005: '(' expected.
-node verify_user.ts(48,45): error TS1005: ')' expected.
-node verify_user.ts(48,48): error TS1434: Unexpected keyword or identifier.
-node verify_user.ts(49,9): error TS1109: Expression expected.
-node verify_user.ts(49,12): error TS1005: ';' expected.
-node verify_user.ts(49,18): error TS1005: ';' expected.
-node verify_user.ts(49,29): error TS1005: '(' expected.
-node verify_user.ts(49,42): error TS1005: ';' expected.
-node verify_user.ts(50,9): error TS1003: Identifier expected.
-node verify_user.ts(50,12): error TS1005: ';' expected.
-node verify_user.ts(50,25): error TS1005: ')' expected.
-node verify_user.ts(50,46): error TS1005: ',' expected.
-node verify_user.ts(50,51): error TS1005: ',' expected.
-node verify_user.ts(50,55): error TS1005: ',' expected.
-node verify_user.ts(50,58): error TS1005: ',' expected.
-node verify_user.ts(51,9): error TS1003: Identifier expected.
-node verify_user.ts(51,12): error TS1005: ';' expected.
-node verify_user.ts(51,23): error TS1146: Declaration expected.
-node verify_user.ts(51,24): error TS1434: Unexpected keyword or identifier.
-node verify_user.ts(51,31): error TS1434: Unexpected keyword or identifier.
-node verify_user.ts(51,34): error TS1434: Unexpected keyword or identifier.
-node verify_user.ts(51,46): error TS1135: Argument expression expected.
-node verify_user.ts(51,50): error TS1005: '(' expected.
-node verify_user.ts(51,51): error TS1005: ';' expected.
-node verify_user.ts(51,53): error TS1434: Unexpected keyword or identifier.
-node verify_user.ts(51,56): error TS1434: Unexpected keyword or identifier.
-node verify_user.ts(51,67): error TS1135: Argument expression expected.
-node verify_user.ts(51,71): error TS1005: '(' expected.
-node verify_user.ts(51,72): error TS1109: Expression expected.
-node verify_user.ts(51,73): error TS1109: Expression expected.
-node verify_user.ts(52,9): error TS1003: Identifier expected.
-node verify_user.ts(52,18): error TS1005: ';' expected.
-node verify_user.ts(52,41): error TS1005: ';' expected.
-node verify_user.ts(52,41): error TS1434: Unexpected keyword or identifier.
-node verify_user.ts(52,68): error TS1002: Unterminated string literal.
-node verify_user.ts(53,18): error TS1005: ';' expected.
-node verify_user.ts(53,18): error TS1434: Unexpected keyword or identifier.
-node verify_user.ts(53,48): error TS1002: Unterminated string literal.
-node verify_user.ts(54,18): error TS1005: ';' expected.
-node verify_user.ts(54,23): error TS1434: Unexpected keyword or identifier.
-node verify_user.ts(54,33): error TS1005: '(' expected.
-node verify_user.ts(54,36): error TS1005: ')' expected.
-node verify_user.ts(55,2): error TS1003: Identifier expected.
-node verify_user.ts(55,4): error TS1109: Expression expected.
-node verify_user.ts(55,6): error TS1109: Expression expected.
-node verify_user.ts(55,8): error TS1109: Expression expected.
-node verify_user.ts(55,10): error TS1109: Expression expected.
-node verify_user.ts(55,12): error TS1109: Expression expected.
-node verify_user.ts(55,14): error TS1109: Expression expected.
-node verify_user.ts(55,16): error TS1109: Expression expected.
-node verify_user.ts(55,18): error TS1109: Expression expected.
-node verify_user.ts(55,20): error TS1109: Expression expected.
-node verify_user.ts(55,22): error TS1109: Expression expected.
-node verify_user.ts(55,24): error TS1109: Expression expected.
-node verify_user.ts(55,26): error TS1109: Expression expected.
-node verify_user.ts(55,28): error TS1109: Expression expected.
-node verify_user.ts(55,30): error TS1109: Expression expected.
-node verify_user.ts(55,32): error TS1109: Expression expected.
-node verify_user.ts(55,34): error TS1109: Expression expected.
-node verify_user.ts(55,36): error TS1109: Expression expected.
-node verify_user.ts(55,38): error TS1109: Expression expected.
-node verify_user.ts(55,40): error TS1109: Expression expected.
-node verify_user.ts(55,42): error TS1109: Expression expected.
-node verify_user.ts(55,44): error TS1109: Expression expected.
-node verify_user.ts(55,46): error TS1109: Expression expected.
-node verify_user.ts(55,48): error TS1109: Expression expected.
-node verify_user.ts(55,50): error TS1109: Expression expected.
-node verify_user.ts(55,52): error TS1109: Expression expected.
-node verify_user.ts(55,54): error TS1109: Expression expected.
-node verify_user.ts(55,56): error TS1109: Expression expected.
-node verify_user.ts(55,58): error TS1109: Expression expected.
-node verify_user.ts(55,60): error TS1109: Expression expected.
-node verify_user.ts(55,62): error TS1109: Expression expected.
-node verify_user.ts(55,64): error TS1109: Expression expected.
-node verify_user.ts(55,66): error TS1109: Expression expected.
-node verify_user.ts(55,68): error TS1109: Expression expected.
-node verify_user.ts(55,70): error TS1109: Expression expected.
-node verify_user.ts(55,72): error TS1109: Expression expected.
-node verify_user.ts(55,74): error TS1109: Expression expected.
-node verify_user.ts(55,76): error TS1109: Expression expected.
-node verify_user.ts(57,29): error TS1127: Invalid character.
-node verify_user.ts(57,32): error TS1127: Invalid character.
-node verify_user.ts(57,35): error TS1127: Invalid character.
-node verify_user.ts(57,38): error TS1127: Invalid character.
-node verify_user.ts(57,41): error TS1127: Invalid character.
-node verify_user.ts(57,44): error TS1127: Invalid character.
-node verify_user.ts(57,47): error TS1127: Invalid character.
-node verify_user.ts(59,24): error TS1005: '>' expected.
-node verify_user.ts(59,27): error TS1005: ';' expected.
-node verify_user.ts(59,30): error TS1434: Unexpected keyword or identifier.
-node verify_user.ts(59,53): error TS1005: ',' expected.
-node verify_user.ts(59,58): error TS1005: ',' expected.
-node verify_user.ts(59,59): error TS1127: Invalid character.
-node verify_user.ts(60,13): error TS1109: Expression expected.
-node verify_user.ts(60,21): error TS1109: Expression expected.
-node verify_user.ts(60,27): error TS1005: ';' expected.
-node verify_user.ts(60,30): error TS1434: Unexpected keyword or identifier.
-node verify_user.ts(60,52): error TS1005: ',' expected.
-node verify_user.ts(60,57): error TS1005: ',' expected.
-node verify_user.ts(60,58): error TS1127: Invalid character.
-node verify_user.ts(61,21): error TS1109: Expression expected.
-node verify_user.ts(61,27): error TS1005: ';' expected.
-node verify_user.ts(61,30): error TS1434: Unexpected keyword or identifier.
-node verify_user.ts(61,40): error TS1434: Unexpected keyword or identifier.
-node verify_user.ts(61,52): error TS1005: ',' expected.
-node verify_user.ts(61,53): error TS1127: Invalid character.
-node verify_user.ts(61,56): error TS1005: ',' expected.
-node verify_user.ts(61,64): error TS1005: ',' expected.
-node verify_user.ts(61,69): error TS1005: ',' expected.
-node verify_user.ts(62,27): error TS1005: ';' expected.
-node verify_user.ts(62,36): error TS1127: Invalid character.
-node verify_user.ts(62,43): error TS1005: ';' expected.
-node verify_user.ts(63,27): error TS1005: ';' expected.
-node verify_user.ts(63,36): error TS1127: Invalid character.
-node verify_user.ts(63,43): error TS1005: ';' expected.
-node verify_user.ts(64,3): error TS1003: Identifier expected.
-node verify_user.ts(64,21): error TS1109: Expression expected.
-node verify_user.ts(64,29): error TS1005: ',' expected.
-node verify_user.ts(64,35): error TS1005: ',' expected.
-node verify_user.ts(64,43): error TS1005: ',' expected.
-node verify_user.ts(64,45): error TS1128: Declaration or statement expected.
-node verify_user.ts(64,47): error TS1128: Declaration or statement expected.
-node verify_user.ts(64,48): error TS1128: Declaration or statement expected.
-node verify_user.ts(65,3): error TS1128: Declaration or statement expected.
-node verify_user.ts(65,6): error TS1128: Declaration or statement expected.
-node verify_user.ts(65,9): error TS1128: Declaration or statement expected.
-node verify_user.ts(65,21): error TS1109: Expression expected.
-node verify_user.ts(65,29): error TS1005: ';' expected.
-node verify_user.ts(65,34): error TS1434: Unexpected keyword or identifier.
-node verify_user.ts(65,47): error TS1109: Expression expected.
-node verify_user.ts(66,7): error TS1109: Expression expected.
-node verify_user.ts(66,10): error TS1005: ',' expected.
-node verify_user.ts(66,11): error TS1127: Invalid character.
-node verify_user.ts(66,14): error TS1127: Invalid character.
-node verify_user.ts(66,17): error TS1127: Invalid character.
-node verify_user.ts(66,19): error TS6188: Numeric separators are not allowed here.
-node verify_user.ts(66,20): error TS1127: Invalid character.
-node verify_user.ts(66,21): error TS1109: Expression expected.
-node verify_user.ts(66,24): error TS1127: Invalid character.
-node verify_user.ts(66,27): error TS1127: Invalid character.
-node verify_user.ts(66,30): error TS1127: Invalid character.
-node verify_user.ts(66,32): error TS6188: Numeric separators are not allowed here.
-node verify_user.ts(66,33): error TS1127: Invalid character.
-node verify_user.ts(66,34): error TS1109: Expression expected.
-node verify_user.ts(66,37): error TS1109: Expression expected.
-node verify_user.ts(66,45): error TS1005: ',' expected.
-node verify_user.ts(66,51): error TS1005: ',' expected.
-node verify_user.ts(66,59): error TS1005: ',' expected.
-node verify_user.ts(66,60): error TS1127: Invalid character.
-node verify_user.ts(66,63): error TS1127: Invalid character.
-node verify_user.ts(66,66): error TS1127: Invalid character.
-node verify_user.ts(66,68): error TS6188: Numeric separators are not allowed here.
-node verify_user.ts(66,69): error TS1127: Invalid character.
-node verify_user.ts(66,70): error TS1109: Expression expected.
-node verify_user.ts(66,71): error TS1109: Expression expected.
-node verify_user.ts(67,7): error TS1109: Expression expected.
-node verify_user.ts(67,10): error TS1005: ',' expected.
-node verify_user.ts(67,11): error TS1127: Invalid character.
-node verify_user.ts(67,14): error TS1127: Invalid character.
-node verify_user.ts(67,17): error TS1127: Invalid character.
-node verify_user.ts(67,19): error TS6188: Numeric separators are not allowed here.
-node verify_user.ts(67,20): error TS1127: Invalid character.
-node verify_user.ts(67,21): error TS1109: Expression expected.
-node verify_user.ts(67,24): error TS1127: Invalid character.
-node verify_user.ts(67,27): error TS1127: Invalid character.
-node verify_user.ts(67,30): error TS1127: Invalid character.
-node verify_user.ts(67,32): error TS6188: Numeric separators are not allowed here.
-node verify_user.ts(67,33): error TS1127: Invalid character.
-node verify_user.ts(67,34): error TS1109: Expression expected.
-node verify_user.ts(67,37): error TS1109: Expression expected.
-node verify_user.ts(67,45): error TS1005: ',' expected.
-node verify_user.ts(67,50): error TS1005: ',' expected.
-node verify_user.ts(67,58): error TS1005: ',' expected.
-node verify_user.ts(67,59): error TS1127: Invalid character.
-node verify_user.ts(67,62): error TS1127: Invalid character.
-node verify_user.ts(67,65): error TS1127: Invalid character.
-node verify_user.ts(67,67): error TS6188: Numeric separators are not allowed here.
-node verify_user.ts(67,68): error TS1127: Invalid character.
-node verify_user.ts(67,69): error TS1109: Expression expected.
-node verify_user.ts(67,70): error TS1109: Expression expected.
-node verify_user.ts(68,9): error TS1003: Identifier expected.
-node verify_user.ts(68,11): error TS1109: Expression expected.
-node verify_user.ts(68,13): error TS1109: Expression expected.
-node verify_user.ts(68,15): error TS1109: Expression expected.
-node verify_user.ts(68,17): error TS1109: Expression expected.
-node verify_user.ts(68,19): error TS1109: Expression expected.
-node verify_user.ts(68,21): error TS1109: Expression expected.
-node verify_user.ts(68,23): error TS1109: Expression expected.
-node verify_user.ts(68,25): error TS1109: Expression expected.
-node verify_user.ts(68,27): error TS1109: Expression expected.
-node verify_user.ts(68,29): error TS1109: Expression expected.
-node verify_user.ts(68,31): error TS1109: Expression expected.
-node verify_user.ts(68,33): error TS1109: Expression expected.
-node verify_user.ts(68,35): error TS1109: Expression expected.
-node verify_user.ts(68,37): error TS1109: Expression expected.
-node verify_user.ts(68,39): error TS1109: Expression expected.
-node verify_user.ts(68,41): error TS1109: Expression expected.
-node verify_user.ts(68,43): error TS1109: Expression expected.
-node verify_user.ts(68,45): error TS1109: Expression expected.
-node verify_user.ts(68,47): error TS1109: Expression expected.
-node verify_user.ts(68,49): error TS1109: Expression expected.
-node verify_user.ts(68,51): error TS1109: Expression expected.
-node verify_user.ts(68,53): error TS1109: Expression expected.
-node verify_user.ts(68,55): error TS1109: Expression expected.
-node verify_user.ts(68,57): error TS1109: Expression expected.
-node verify_user.ts(68,59): error TS1109: Expression expected.
-node verify_user.ts(69,14): error TS1005: ',' expected.
-node verify_user.ts(69,35): error TS1005: ',' expected.
-node verify_user.ts(69,43): error TS1005: ',' expected.
-node verify_user.ts(69,48): error TS1005: ',' expected.
-node verify_user.ts(69,56): error TS1005: ',' expected.
-node verify_user.ts(69,59): error TS1005: ',' expected.
-node verify_user.ts(69,63): error TS1005: ',' expected.
-node verify_user.ts(69,69): error TS1005: ',' expected.
-node verify_user.ts(70,11): error TS1005: ',' expected.
-node verify_user.ts(70,20): error TS1005: ',' expected.
-node verify_user.ts(70,26): error TS1127: Invalid character.
-node verify_user.ts(70,33): error TS1005: ',' expected.
-node verify_user.ts(70,38): error TS1005: ',' expected.
-node verify_user.ts(70,53): error TS1005: ',' expected.
-node verify_user.ts(70,57): error TS1005: ',' expected.
-node verify_user.ts(71,14): error TS1005: ',' expected.
-node verify_user.ts(71,34): error TS1005: ',' expected.
-node verify_user.ts(71,42): error TS1005: ',' expected.
-node verify_user.ts(71,47): error TS1005: ',' expected.
-node verify_user.ts(71,56): error TS1005: ',' expected.
-node verify_user.ts(71,59): error TS1005: ',' expected.
-node verify_user.ts(71,63): error TS1005: ',' expected.
-node verify_user.ts(71,68): error TS1005: ',' expected.
-node verify_user.ts(72,11): error TS1005: ',' expected.
-node verify_user.ts(72,20): error TS1005: ',' expected.
-node verify_user.ts(72,26): error TS1127: Invalid character.
-node verify_user.ts(72,33): error TS1005: ',' expected.
-node verify_user.ts(72,39): error TS1005: ',' expected.
-node verify_user.ts(72,54): error TS1005: ',' expected.
-node verify_user.ts(72,61): error TS1005: ',' expected.
-node verify_user.ts(74,5): error TS1127: Invalid character.
-node verify_user.ts(74,8): error TS1127: Invalid character.
-node verify_user.ts(74,11): error TS1127: Invalid character.
-node verify_user.ts(74,14): error TS1127: Invalid character.
-node verify_user.ts(74,17): error TS1127: Invalid character.
-node verify_user.ts(74,20): error TS1127: Invalid character.
-node verify_user.ts(74,23): error TS1127: Invalid character.
-node verify_user.ts(74,26): error TS1127: Invalid character.
-node verify_user.ts(74,27): error TS1109: Expression expected.
-node verify_user.ts(74,45): error TS1005: ',' expected.
-node verify_user.ts(74,49): error TS1005: ',' expected.
-node verify_user.ts(74,57): error TS1005: ',' expected.
-node verify_user.ts(74,61): error TS1005: ',' expected.
-node verify_user.ts(74,66): error TS1005: ',' expected.
-node verify_user.ts(74,71): error TS1005: '(' expected.
-node verify_user.ts(74,79): error TS1109: Expression expected.
-node verify_user.ts(75,5): error TS1127: Invalid character.
-node verify_user.ts(75,8): error TS1127: Invalid character.
-node verify_user.ts(75,11): error TS1127: Invalid character.
-node verify_user.ts(75,14): error TS1127: Invalid character.
-node verify_user.ts(75,17): error TS1127: Invalid character.
-node verify_user.ts(75,20): error TS1127: Invalid character.
-node verify_user.ts(75,23): error TS1127: Invalid character.
-node verify_user.ts(75,26): error TS1127: Invalid character.
-node verify_user.ts(75,27): error TS1109: Expression expected.
-node verify_user.ts(75,45): error TS1005: ';' expected.
-node verify_user.ts(75,49): error TS1434: Unexpected keyword or identifier.
-node verify_user.ts(75,57): error TS1434: Unexpected keyword or identifier.
-node verify_user.ts(75,64): error TS1434: Unexpected keyword or identifier.
-node verify_user.ts(75,74): error TS1005: '(' expected.
-node verify_user.ts(75,82): error TS1109: Expression expected.
-node verify_user.ts(76,3): error TS1003: Identifier expected.
-node verify_user.ts(76,75): error TS1002: Unterminated string literal.
-node verify_user.ts(77,24): error TS1005: ';' expected.
-node verify_user.ts(77,27): error TS1434: Unexpected keyword or identifier.
-node verify_user.ts(77,30): error TS1434: Unexpected keyword or identifier.
-node verify_user.ts(77,34): error TS1434: Unexpected keyword or identifier.
-node verify_user.ts(78,3): error TS1003: Identifier expected.
-node verify_user.ts(78,24): error TS1005: ';' expected.
-node verify_user.ts(78,34): error TS1002: Unterminated string literal.
-node verify_user.ts(79,9): error TS1127: Invalid character.
-node verify_user.ts(79,12): error TS1127: Invalid character.
-node verify_user.ts(79,15): error TS1127: Invalid character.
-node verify_user.ts(79,18): error TS1127: Invalid character.
-node verify_user.ts(79,21): error TS1127: Invalid character.
-node verify_user.ts(79,24): error TS1127: Invalid character.
-node verify_user.ts(79,27): error TS1127: Invalid character.
-node verify_user.ts(79,30): error TS1127: Invalid character.
-node verify_user.ts(79,31): error TS1109: Expression expected.
-node verify_user.ts(79,46): error TS1005: ';' expected.
-node verify_user.ts(80,9): error TS1003: Identifier expected.
-node verify_user.ts(80,11): error TS1109: Expression expected.
-node verify_user.ts(80,13): error TS1109: Expression expected.
-node verify_user.ts(80,15): error TS1109: Expression expected.
-node verify_user.ts(80,17): error TS1109: Expression expected.
-node verify_user.ts(80,19): error TS1109: Expression expected.
-node verify_user.ts(80,21): error TS1109: Expression expected.
-node verify_user.ts(80,23): error TS1109: Expression expected.
-node verify_user.ts(80,25): error TS1109: Expression expected.
-node verify_user.ts(80,27): error TS1109: Expression expected.
-node verify_user.ts(80,29): error TS1109: Expression expected.
-node verify_user.ts(80,31): error TS1109: Expression expected.
-node verify_user.ts(80,33): error TS1109: Expression expected.
-node verify_user.ts(80,35): error TS1109: Expression expected.
-node verify_user.ts(80,37): error TS1109: Expression expected.
-node verify_user.ts(80,39): error TS1109: Expression expected.
-node verify_user.ts(80,41): error TS1109: Expression expected.
-node verify_user.ts(80,43): error TS1109: Expression expected.
-node verify_user.ts(80,45): error TS1109: Expression expected.
-node verify_user.ts(80,47): error TS1109: Expression expected.
-node verify_user.ts(80,49): error TS1109: Expression expected.
-node verify_user.ts(80,51): error TS1109: Expression expected.
-node verify_user.ts(80,53): error TS1109: Expression expected.
-node verify_user.ts(80,55): error TS1109: Expression expected.
-node verify_user.ts(80,57): error TS1109: Expression expected.
-node verify_user.ts(80,59): error TS1109: Expression expected.
-node verify_user.ts(81,11): error TS1005: ';' expected.
-node verify_user.ts(81,16): error TS1228: A type predicate is only allowed in return type position for functions and methods.
-node verify_user.ts(81,19): error TS1434: Unexpected keyword or identifier.
-node verify_user.ts(81,29): error TS1109: Expression expected.
-node verify_user.ts(81,34): error TS1434: Unexpected keyword or identifier.
-node verify_user.ts(81,43): error TS1109: Expression expected.
-node verify_user.ts(81,55): error TS1003: Identifier expected.
-node verify_user.ts(82,9): error TS1434: Unexpected keyword or identifier.
-node verify_user.ts(82,17): error TS1434: Unexpected keyword or identifier.
-node verify_user.ts(82,23): error TS1434: Unexpected keyword or identifier.
-node verify_user.ts(83,14): error TS1109: Expression expected.
-node verify_user.ts(83,24): error TS1005: ';' expected.
-node verify_user.ts(83,34): error TS1434: Unexpected keyword or identifier.
-node verify_user.ts(83,37): error TS1434: Unexpected keyword or identifier.
-node verify_user.ts(84,14): error TS1434: Unexpected keyword or identifier.
-node verify_user.ts(84,17): error TS1434: Unexpected keyword or identifier.
-node verify_user.ts(84,24): error TS1434: Unexpected keyword or identifier.
-node verify_user.ts(84,28): error TS1434: Unexpected keyword or identifier.
-node verify_user.ts(84,31): error TS1434: Unexpected keyword or identifier.
-node verify_user.ts(85,4): error TS1109: Expression expected.
-node verify_user.ts(85,6): error TS1109: Expression expected.
-node verify_user.ts(85,8): error TS1109: Expression expected.
-node verify_user.ts(85,10): error TS1109: Expression expected.
-node verify_user.ts(85,12): error TS1109: Expression expected.
-node verify_user.ts(85,14): error TS1109: Expression expected.
-node verify_user.ts(85,16): error TS1109: Expression expected.
-node verify_user.ts(85,18): error TS1109: Expression expected.
-node verify_user.ts(85,20): error TS1109: Expression expected.
-node verify_user.ts(85,22): error TS1109: Expression expected.
-node verify_user.ts(85,24): error TS1109: Expression expected.
-node verify_user.ts(85,26): error TS1109: Expression expected.
-node verify_user.ts(85,28): error TS1109: Expression expected.
-node verify_user.ts(85,30): error TS1109: Expression expected.
-node verify_user.ts(85,32): error TS1109: Expression expected.
-node verify_user.ts(85,34): error TS1109: Expression expected.
-node verify_user.ts(85,36): error TS1109: Expression expected.
-node verify_user.ts(85,38): error TS1109: Expression expected.
-node verify_user.ts(85,40): error TS1109: Expression expected.
-node verify_user.ts(85,42): error TS1109: Expression expected.
-node verify_user.ts(85,44): error TS1109: Expression expected.
-node verify_user.ts(85,46): error TS1109: Expression expected.
-node verify_user.ts(85,48): error TS1109: Expression expected.
-node verify_user.ts(85,50): error TS1109: Expression expected.
-node verify_user.ts(85,52): error TS1109: Expression expected.
-node verify_user.ts(85,54): error TS1109: Expression expected.
-node verify_user.ts(85,56): error TS1109: Expression expected.
-node verify_user.ts(85,58): error TS1109: Expression expected.
-node verify_user.ts(85,60): error TS1109: Expression expected.
-node verify_user.ts(85,62): error TS1109: Expression expected.
-node verify_user.ts(85,64): error TS1109: Expression expected.
-node verify_user.ts(85,66): error TS1109: Expression expected.
-node verify_user.ts(85,68): error TS1109: Expression expected.
-node verify_user.ts(85,70): error TS1109: Expression expected.
-node verify_user.ts(85,72): error TS1109: Expression expected.
-node verify_user.ts(85,74): error TS1109: Expression expected.
-node verify_user.ts(85,76): error TS1109: Expression expected.
-node verify_user.ts(87,26): error TS1127: Invalid character.
-node verify_user.ts(87,29): error TS1127: Invalid character.
-node verify_user.ts(87,32): error TS1127: Invalid character.
-node verify_user.ts(87,35): error TS1127: Invalid character.
-node verify_user.ts(87,38): error TS1127: Invalid character.
-node verify_user.ts(87,41): error TS1127: Invalid character.
-node verify_user.ts(87,44): error TS1127: Invalid character.
-node verify_user.ts(87,47): error TS1127: Invalid character.
-node verify_user.ts(87,48): error TS1434: Unexpected keyword or identifier.
-node verify_user.ts(87,51): error TS1127: Invalid character.
-node verify_user.ts(87,54): error TS1127: Invalid character.
-node verify_user.ts(87,57): error TS1127: Invalid character.
-node verify_user.ts(87,60): error TS1127: Invalid character.
-node verify_user.ts(87,63): error TS1127: Invalid character.
-node verify_user.ts(89,8): error TS1127: Invalid character.
-node verify_user.ts(89,11): error TS1127: Invalid character.
-node verify_user.ts(89,14): error TS1127: Invalid character.
-node verify_user.ts(89,17): error TS1127: Invalid character.
-node verify_user.ts(89,18): error TS1434: Unexpected keyword or identifier.
-node verify_user.ts(89,19): error TS1128: Declaration or statement expected.
-node verify_user.ts(89,32): error TS1434: Unexpected keyword or identifier.
-node verify_user.ts(89,40): error TS1434: Unexpected keyword or identifier.
-node verify_user.ts(90,3): error TS1003: Identifier expected.
-node verify_user.ts(90,24): error TS1005: ';' expected.
-node verify_user.ts(90,32): error TS1110: Type expected.
-node verify_user.ts(91,3): error TS1003: Identifier expected.
-node verify_user.ts(91,32): error TS1005: ';' expected.
-node verify_user.ts(91,38): error TS1127: Invalid character.
-node verify_user.ts(91,45): error TS1005: ';' expected.
-node verify_user.ts(91,50): error TS1434: Unexpected keyword or identifier.
-node verify_user.ts(91,55): error TS1434: Unexpected keyword or identifier.
-node verify_user.ts(91,60): error TS1434: Unexpected keyword or identifier.
-node verify_user.ts(91,64): error TS1434: Unexpected keyword or identifier.
-node verify_user.ts(92,3): error TS1003: Identifier expected.
-node verify_user.ts(92,32): error TS1005: ';' expected.
-node verify_user.ts(92,38): error TS1127: Invalid character.
-node verify_user.ts(92,45): error TS1005: ';' expected.
-node verify_user.ts(92,54): error TS1434: Unexpected keyword or identifier.
-node verify_user.ts(92,59): error TS1434: Unexpected keyword or identifier.
-node verify_user.ts(92,64): error TS1434: Unexpected keyword or identifier.
-node verify_user.ts(92,68): error TS1434: Unexpected keyword or identifier.
-node verify_user.ts(93,3): error TS1003: Identifier expected.
-node verify_user.ts(93,32): error TS1005: ';' expected.
-node verify_user.ts(93,46): error TS1005: ',' expected.
-node verify_user.ts(93,47): error TS1127: Invalid character.
-node verify_user.ts(93,54): error TS1005: ';' expected.
-node verify_user.ts(93,59): error TS1434: Unexpected keyword or identifier.
-node verify_user.ts(93,64): error TS1434: Unexpected keyword or identifier.
-node verify_user.ts(93,68): error TS1434: Unexpected keyword or identifier.
-node verify_user.ts(94,3): error TS1003: Identifier expected.
-node verify_user.ts(94,4): error TS1434: Unexpected keyword or identifier.
-node verify_user.ts(94,24): error TS1435: Unknown keyword or identifier. Did you mean 'delete'?
-node verify_user.ts(94,31): error TS1434: Unexpected keyword or identifier.
-node verify_user.ts(94,35): error TS1434: Unexpected keyword or identifier.
-node verify_user.ts(94,43): error TS1434: Unexpected keyword or identifier.
-node verify_user.ts(94,48): error TS1434: Unexpected keyword or identifier.
-node verify_user.ts(94,53): error TS1434: Unexpected keyword or identifier.
-node verify_user.ts(94,57): error TS1434: Unexpected keyword or identifier.
-node verify_user.ts(94,65): error TS1434: Unexpected keyword or identifier.
-node verify_user.ts(95,3): error TS1003: Identifier expected.
-node verify_user.ts(95,6): error TS1109: Expression expected.
-node verify_user.ts(95,10): error TS1005: ';' expected.
-node verify_user.ts(95,11): error TS1434: Unexpected keyword or identifier.
-node verify_user.ts(95,24): error TS1434: Unexpected keyword or identifier.
-node verify_user.ts(95,30): error TS1434: Unexpected keyword or identifier.
-node verify_user.ts(95,38): error TS1434: Unexpected keyword or identifier.
-node verify_user.ts(96,2): error TS1003: Identifier expected.
-node verify_user.ts(96,4): error TS1109: Expression expected.
-node verify_user.ts(96,6): error TS1109: Expression expected.
-node verify_user.ts(96,8): error TS1109: Expression expected.
-node verify_user.ts(96,10): error TS1109: Expression expected.
-node verify_user.ts(96,12): error TS1109: Expression expected.
-node verify_user.ts(96,14): error TS1109: Expression expected.
-node verify_user.ts(96,16): error TS1109: Expression expected.
-node verify_user.ts(96,18): error TS1109: Expression expected.
-node verify_user.ts(96,20): error TS1109: Expression expected.
-node verify_user.ts(96,22): error TS1109: Expression expected.
-node verify_user.ts(96,24): error TS1109: Expression expected.
-node verify_user.ts(96,26): error TS1109: Expression expected.
-node verify_user.ts(96,28): error TS1109: Expression expected.
-node verify_user.ts(96,30): error TS1109: Expression expected.
-node verify_user.ts(96,32): error TS1109: Expression expected.
-node verify_user.ts(96,34): error TS1109: Expression expected.
-node verify_user.ts(96,36): error TS1109: Expression expected.
-node verify_user.ts(96,38): error TS1109: Expression expected.
-node verify_user.ts(96,40): error TS1109: Expression expected.
-node verify_user.ts(96,42): error TS1109: Expression expected.
-node verify_user.ts(96,44): error TS1109: Expression expected.
-node verify_user.ts(96,46): error TS1109: Expression expected.
-node verify_user.ts(96,48): error TS1109: Expression expected.
-node verify_user.ts(96,50): error TS1109: Expression expected.
-node verify_user.ts(96,52): error TS1109: Expression expected.
-node verify_user.ts(96,54): error TS1109: Expression expected.
-node verify_user.ts(96,56): error TS1109: Expression expected.
-node verify_user.ts(96,58): error TS1109: Expression expected.
-node verify_user.ts(96,60): error TS1109: Expression expected.
-node verify_user.ts(96,62): error TS1109: Expression expected.
-node verify_user.ts(96,64): error TS1109: Expression expected.
-node verify_user.ts(96,66): error TS1109: Expression expected.
-node verify_user.ts(96,68): error TS1109: Expression expected.
-node verify_user.ts(96,70): error TS1109: Expression expected.
-node verify_user.ts(96,72): error TS1109: Expression expected.
-node verify_user.ts(96,74): error TS1109: Expression expected.
-node verify_user.ts(96,76): error TS1109: Expression expected.
-node verify_user.ts(98,22): error TS1127: Invalid character.
-node verify_user.ts(98,25): error TS1127: Invalid character.
-node verify_user.ts(98,28): error TS1127: Invalid character.
-node verify_user.ts(98,31): error TS1127: Invalid character.
-node verify_user.ts(98,34): error TS1127: Invalid character.
-node verify_user.ts(98,37): error TS1127: Invalid character.
-node verify_user.ts(98,40): error TS1127: Invalid character.
-node verify_user.ts(98,43): error TS1127: Invalid character.
-node verify_user.ts(98,46): error TS1127: Invalid character.
-node verify_user.ts(98,49): error TS1127: Invalid character.
-node verify_user.ts(98,52): error TS1127: Invalid character.
-node verify_user.ts(98,55): error TS1127: Invalid character.
-node verify_user.ts(98,58): error TS1127: Invalid character.
-node verify_user.ts(98,59): error TS1434: Unexpected keyword or identifier.
-node verify_user.ts(98,62): error TS1127: Invalid character.
-node verify_user.ts(98,65): error TS1127: Invalid character.
-node verify_user.ts(98,68): error TS1127: Invalid character.
-node verify_user.ts(98,71): error TS1127: Invalid character.
-node verify_user.ts(98,74): error TS1127: Invalid character.
-node verify_user.ts(98,77): error TS1127: Invalid character.
-node verify_user.ts(98,80): error TS1127: Invalid character.
-node verify_user.ts(98,83): error TS1127: Invalid character.
-node verify_user.ts(100,5): error TS1127: Invalid character.
-node verify_user.ts(100,8): error TS1127: Invalid character.
-node verify_user.ts(100,11): error TS1127: Invalid character.
-node verify_user.ts(100,14): error TS1127: Invalid character.
-node verify_user.ts(100,17): error TS1127: Invalid character.
-node verify_user.ts(100,20): error TS1127: Invalid character.
-node verify_user.ts(100,21): error TS1109: Expression expected.
-node verify_user.ts(100,43): error TS1005: ';' expected.
-node verify_user.ts(100,45): error TS1434: Unexpected keyword or identifier.
-node verify_user.ts(100,53): error TS1434: Unexpected keyword or identifier.
-node verify_user.ts(100,70): error TS1005: ']' expected.
-node verify_user.ts(100,78): error TS1434: Unexpected keyword or identifier.
-node verify_user.ts(100,83): error TS1128: Declaration or statement expected.
-node verify_user.ts(100,84): error TS1128: Declaration or statement expected.
-node verify_user.ts(101,6): error TS1127: Invalid character.
-node verify_user.ts(101,9): error TS1127: Invalid character.
-node verify_user.ts(101,12): error TS1127: Invalid character.
-node verify_user.ts(101,15): error TS1127: Invalid character.
-node verify_user.ts(101,18): error TS1127: Invalid character.
-node verify_user.ts(101,21): error TS1127: Invalid character.
-node verify_user.ts(101,22): error TS1109: Expression expected.
-node verify_user.ts(101,43): error TS1005: ';' expected.
-node verify_user.ts(101,45): error TS1434: Unexpected keyword or identifier.
-node verify_user.ts(101,53): error TS1434: Unexpected keyword or identifier.
-node verify_user.ts(101,69): error TS1005: ';' expected.
-node verify_user.ts(102,5): error TS1127: Invalid character.
-node verify_user.ts(102,8): error TS1127: Invalid character.
-node verify_user.ts(102,11): error TS1127: Invalid character.
-node verify_user.ts(102,14): error TS1127: Invalid character.
-node verify_user.ts(102,17): error TS1127: Invalid character.
-node verify_user.ts(102,20): error TS1127: Invalid character.
-node verify_user.ts(102,21): error TS1109: Expression expected.
-node verify_user.ts(102,44): error TS1005: ';' expected.
-node verify_user.ts(102,48): error TS1435: Unknown keyword or identifier. Did you mean 'set ting'?
-node verify_user.ts(102,56): error TS1434: Unexpected keyword or identifier.
-node verify_user.ts(102,59): error TS1434: Unexpected keyword or identifier.
-node verify_user.ts(102,61): error TS1434: Unexpected keyword or identifier.
-node verify_user.ts(102,69): error TS1434: Unexpected keyword or identifier.
-node verify_user.ts(103,6): error TS1127: Invalid character.
-node verify_user.ts(103,9): error TS1127: Invalid character.
-node verify_user.ts(103,12): error TS1127: Invalid character.
-node verify_user.ts(103,15): error TS1127: Invalid character.
-node verify_user.ts(103,18): error TS1127: Invalid character.
-node verify_user.ts(103,21): error TS1127: Invalid character.
-node verify_user.ts(103,22): error TS1109: Expression expected.
-node verify_user.ts(103,44): error TS1005: ';' expected.
-node verify_user.ts(103,48): error TS1435: Unknown keyword or identifier. Did you mean 'set ting'?
-node verify_user.ts(103,56): error TS1434: Unexpected keyword or identifier.
-node verify_user.ts(103,59): error TS1434: Unexpected keyword or identifier.
-node verify_user.ts(103,73): error TS1005: ';' expected.
-node verify_user.ts(104,3): error TS1003: Identifier expected.
-node verify_user.ts(104,5): error TS1127: Invalid character.
-node verify_user.ts(104,8): error TS1127: Invalid character.
-node verify_user.ts(104,11): error TS1127: Invalid character.
-node verify_user.ts(104,12): error TS1434: Unexpected keyword or identifier.
-node verify_user.ts(104,30): error TS1434: Unexpected keyword or identifier.
-node verify_user.ts(104,38): error TS1434: Unexpected keyword or identifier.
-node verify_user.ts(104,42): error TS1434: Unexpected keyword or identifier.
-node verify_user.ts(104,47): error TS1434: Unexpected keyword or identifier.
-node verify_user.ts(104,51): error TS1434: Unexpected keyword or identifier.
-node verify_user.ts(104,56): error TS1434: Unexpected keyword or identifier.
-node verify_user.ts(104,61): error TS1434: Unexpected keyword or identifier.
-node verify_user.ts(104,72): error TS1005: ';' expected.
-node verify_user.ts(106,3): error TS1003: Identifier expected.
-node verify_user.ts(106,5): error TS1127: Invalid character.
-node verify_user.ts(106,8): error TS1127: Invalid character.
-node verify_user.ts(106,11): error TS1127: Invalid character.
-node verify_user.ts(106,14): error TS1127: Invalid character.
-node verify_user.ts(106,17): error TS1127: Invalid character.
-node verify_user.ts(106,20): error TS1127: Invalid character.
-node verify_user.ts(106,23): error TS1127: Invalid character.
-node verify_user.ts(106,24): error TS1434: Unexpected keyword or identifier.
-node verify_user.ts(106,38): error TS1434: Unexpected keyword or identifier.
-node verify_user.ts(106,46): error TS1434: Unexpected keyword or identifier.
-node verify_user.ts(106,50): error TS1434: Unexpected keyword or identifier.
-node verify_user.ts(106,56): error TS1434: Unexpected keyword or identifier.
-node verify_user.ts(106,69): error TS1005: '(' expected.
-node verify_user.ts(107,3): error TS1003: Identifier expected.
-node verify_user.ts(107,5): error TS1127: Invalid character.
-node verify_user.ts(107,8): error TS1127: Invalid character.
-node verify_user.ts(107,11): error TS1127: Invalid character.
-node verify_user.ts(107,14): error TS1127: Invalid character.
-node verify_user.ts(107,17): error TS1127: Invalid character.
-node verify_user.ts(107,20): error TS1127: Invalid character.
-node verify_user.ts(107,23): error TS1127: Invalid character.
-node verify_user.ts(107,26): error TS1127: Invalid character.
-node verify_user.ts(107,27): error TS1434: Unexpected keyword or identifier.
-node verify_user.ts(107,40): error TS1434: Unexpected keyword or identifier.
-node verify_user.ts(107,45): error TS1434: Unexpected keyword or identifier.
-node verify_user.ts(107,50): error TS1434: Unexpected keyword or identifier.
-node verify_user.ts(107,58): error TS1434: Unexpected keyword or identifier.
-node verify_user.ts(107,77): error TS1005: ';' expected.
-node verify_user.ts(107,78): error TS1127: Invalid character.
-node verify_user.ts(107,79): error TS1434: Unexpected keyword or identifier.
-node verify_user.ts(107,81): error TS1434: Unexpected keyword or identifier.
-node verify_user.ts(107,84): error TS1434: Unexpected keyword or identifier.
-node verify_user.ts(107,98): error TS1003: Identifier expected.
-node verify_user.ts(108,3): error TS1434: Unexpected keyword or identifier.
-node verify_user.ts(108,6): error TS1127: Invalid character.
-node verify_user.ts(108,9): error TS1127: Invalid character.
-node verify_user.ts(108,12): error TS1127: Invalid character.
-node verify_user.ts(108,15): error TS1127: Invalid character.
-node verify_user.ts(108,16): error TS1434: Unexpected keyword or identifier.
-node verify_user.ts(108,32): error TS1434: Unexpected keyword or identifier.
-node verify_user.ts(108,37): error TS1434: Unexpected keyword or identifier.
-node verify_user.ts(108,43): error TS1434: Unexpected keyword or identifier.
-node verify_user.ts(108,46): error TS1434: Unexpected keyword or identifier.
-node verify_user.ts(108,53): error TS1003: Identifier expected.
-node verify_user.ts(109,3): error TS1434: Unexpected keyword or identifier.
-node verify_user.ts(109,24): error TS1434: Unexpected keyword or identifier.
-node verify_user.ts(109,29): error TS1434: Unexpected keyword or identifier.
-node verify_user.ts(109,33): error TS1434: Unexpected keyword or identifier.
-node verify_user.ts(109,41): error TS1434: Unexpected keyword or identifier.
-node verify_user.ts(109,51): error TS1005: '(' expected.
-node verify_user.ts(109,59): error TS1005: ')' expected.
-node verify_user.ts(109,70): error TS1003: Identifier expected.
-node verify_user.ts(110,3): error TS1434: Unexpected keyword or identifier.
-node verify_user.ts(110,24): error TS1434: Unexpected keyword or identifier.
-node verify_user.ts(110,30): error TS1434: Unexpected keyword or identifier.
-node verify_user.ts(110,38): error TS1434: Unexpected keyword or identifier.
-node verify_user.ts(110,45): error TS1434: Unexpected keyword or identifier.
-node verify_user.ts(111,2): error TS1003: Identifier expected.
-node verify_user.ts(111,4): error TS1109: Expression expected.
-node verify_user.ts(111,6): error TS1109: Expression expected.
-node verify_user.ts(111,8): error TS1109: Expression expected.
-node verify_user.ts(111,10): error TS1109: Expression expected.
-node verify_user.ts(111,12): error TS1109: Expression expected.
-node verify_user.ts(111,14): error TS1109: Expression expected.
-node verify_user.ts(111,16): error TS1109: Expression expected.
-node verify_user.ts(111,18): error TS1109: Expression expected.
-node verify_user.ts(111,20): error TS1109: Expression expected.
-node verify_user.ts(111,22): error TS1109: Expression expected.
-node verify_user.ts(111,24): error TS1109: Expression expected.
-node verify_user.ts(111,26): error TS1109: Expression expected.
-node verify_user.ts(111,28): error TS1109: Expression expected.
-node verify_user.ts(111,30): error TS1109: Expression expected.
-node verify_user.ts(111,32): error TS1109: Expression expected.
-node verify_user.ts(111,34): error TS1109: Expression expected.
-node verify_user.ts(111,36): error TS1109: Expression expected.
-node verify_user.ts(111,38): error TS1109: Expression expected.
-node verify_user.ts(111,40): error TS1109: Expression expected.
-node verify_user.ts(111,42): error TS1109: Expression expected.
-node verify_user.ts(111,44): error TS1109: Expression expected.
-node verify_user.ts(111,46): error TS1109: Expression expected.
-node verify_user.ts(111,48): error TS1109: Expression expected.
-node verify_user.ts(111,50): error TS1109: Expression expected.
-node verify_user.ts(111,52): error TS1109: Expression expected.
-node verify_user.ts(111,54): error TS1109: Expression expected.
-node verify_user.ts(111,56): error TS1109: Expression expected.
-node verify_user.ts(111,58): error TS1109: Expression expected.
-node verify_user.ts(111,60): error TS1109: Expression expected.
-node verify_user.ts(111,62): error TS1109: Expression expected.
-node verify_user.ts(111,64): error TS1109: Expression expected.
-node verify_user.ts(111,66): error TS1109: Expression expected.
-node verify_user.ts(111,68): error TS1109: Expression expected.
-node verify_user.ts(111,70): error TS1109: Expression expected.
-node verify_user.ts(111,72): error TS1109: Expression expected.
-node verify_user.ts(111,74): error TS1109: Expression expected.
-node verify_user.ts(111,76): error TS1109: Expression expected.
-node verify_user.ts(113,29): error TS1127: Invalid character.
-node verify_user.ts(113,32): error TS1127: Invalid character.
-node verify_user.ts(113,35): error TS1127: Invalid character.
-node verify_user.ts(113,38): error TS1127: Invalid character.
-node verify_user.ts(113,41): error TS1127: Invalid character.
-node verify_user.ts(113,44): error TS1127: Invalid character.
-node verify_user.ts(113,47): error TS1127: Invalid character.
-node verify_user.ts(115,9): error TS1434: Unexpected keyword or identifier.
-node verify_user.ts(115,14): error TS1434: Unexpected keyword or identifier.
-node verify_user.ts(115,22): error TS1434: Unexpected keyword or identifier.
-node verify_user.ts(115,26): error TS1434: Unexpected keyword or identifier.
-node verify_user.ts(115,29): error TS1434: Unexpected keyword or identifier.
-node verify_user.ts(115,37): error TS1434: Unexpected keyword or identifier.
-node verify_user.ts(115,44): error TS1434: Unexpected keyword or identifier.
-node verify_user.ts(115,47): error TS1434: Unexpected keyword or identifier.
-node verify_user.ts(115,51): error TS1434: Unexpected keyword or identifier.
-node verify_user.ts(116,12): error TS1005: ';' expected.
-node verify_user.ts(116,17): error TS1435: Unknown keyword or identifier. Did you mean 'with'?
-node verify_user.ts(116,24): error TS1434: Unexpected keyword or identifier.
-node verify_user.ts(116,29): error TS1434: Unexpected keyword or identifier.
-node verify_user.ts(116,42): error TS1005: ',' expected.
-node verify_user.ts(116,50): error TS1005: ';' expected.
-node verify_user.ts(116,58): error TS1003: Identifier expected.
-node verify_user.ts(117,9): error TS1434: Unexpected keyword or identifier.
-node verify_user.ts(117,17): error TS1434: Unexpected keyword or identifier.
-node verify_user.ts(117,21): error TS1434: Unexpected keyword or identifier.
-node verify_user.ts(117,37): error TS1005: ';' expected.
-node verify_user.ts(117,40): error TS1434: Unexpected keyword or identifier.
-node verify_user.ts(117,51): error TS1434: Unexpected keyword or identifier.
-node verify_user.ts(117,58): error TS1434: Unexpected keyword or identifier.
-node verify_user.ts(118,9): error TS1434: Unexpected keyword or identifier.
-node verify_user.ts(118,19): error TS1434: Unexpected keyword or identifier.
-node verify_user.ts(118,28): error TS1434: Unexpected keyword or identifier.
-node verify_user.ts(118,34): error TS1109: Expression expected.
-node verify_user.ts(118,39): error TS1005: ';' expected.
-node verify_user.ts(118,41): error TS1434: Unexpected keyword or identifier.
-node verify_user.ts(118,46): error TS1434: Unexpected keyword or identifier.
-node verify_user.ts(118,60): error TS1005: ';' expected.
-node verify_user.ts(120,4): error TS1109: Expression expected.
-node verify_user.ts(120,7): error TS1109: Expression expected.
-node verify_user.ts(120,10): error TS1128: Declaration or statement expected.
-node verify_user.ts(120,13): error TS1128: Declaration or statement expected.
-node verify_user.ts(120,14): error TS1128: Declaration or statement expected.
-node verify_user.ts(121,19): error TS1434: Unexpected keyword or identifier.
-node verify_user.ts(121,38): error TS1005: ',' expected.
-node verify_user.ts(121,46): error TS1005: ',' expected.
-node verify_user.ts(122,3): error TS1003: Identifier expected.
-node verify_user.ts(122,7): error TS1005: ';' expected.
-node verify_user.ts(122,10): error TS1128: Declaration or statement expected.
-node verify_user.ts(122,13): error TS1128: Declaration or statement expected.
-node verify_user.ts(122,14): error TS1128: Declaration or statement expected.
-node verify_user.ts(123,19): error TS1434: Unexpected keyword or identifier.
-node verify_user.ts(123,26): error TS1434: Unexpected keyword or identifier.
-node verify_user.ts(123,32): error TS1434: Unexpected keyword or identifier.
-node verify_user.ts(124,3): error TS1003: Identifier expected.
-node verify_user.ts(124,7): error TS1005: ';' expected.
-node verify_user.ts(124,10): error TS1128: Declaration or statement expected.
-node verify_user.ts(124,13): error TS1128: Declaration or statement expected.
-node verify_user.ts(124,14): error TS1128: Declaration or statement expected.
-node verify_user.ts(125,19): error TS1434: Unexpected keyword or identifier.
-node verify_user.ts(125,26): error TS1434: Unexpected keyword or identifier.
-node verify_user.ts(125,33): error TS1434: Unexpected keyword or identifier.
-node verify_user.ts(125,38): error TS1434: Unexpected keyword or identifier.
-node verify_user.ts(125,44): error TS1434: Unexpected keyword or identifier.
-node verify_user.ts(126,3): error TS1003: Identifier expected.
-node verify_user.ts(126,8): error TS1127: Invalid character.
-node verify_user.ts(126,9): error TS1434: Unexpected keyword or identifier.
-node verify_user.ts(126,10): error TS1128: Declaration or statement expected.
-node verify_user.ts(126,13): error TS1128: Declaration or statement expected.
-node verify_user.ts(126,16): error TS1128: Declaration or statement expected.
-node verify_user.ts(126,28): error TS1005: ';' expected.
-node verify_user.ts(126,31): error TS1127: Invalid character.
-node verify_user.ts(127,19): error TS1435: Unknown keyword or identifier. Did you mean 'number'?
-node verify_user.ts(127,26): error TS1434: Unexpected keyword or identifier.
-node verify_user.ts(128,3): error TS1003: Identifier expected.
-node verify_user.ts(128,7): error TS1005: ';' expected.
-node verify_user.ts(128,10): error TS1128: Declaration or statement expected.
-node verify_user.ts(128,13): error TS1128: Declaration or statement expected.
-node verify_user.ts(128,14): error TS1128: Declaration or statement expected.
-node verify_user.ts(129,19): error TS1434: Unexpected keyword or identifier.
-node verify_user.ts(129,66): error TS1002: Unterminated string literal.
-node verify_user.ts(130,7): error TS1005: ';' expected.
-node verify_user.ts(130,10): error TS1128: Declaration or statement expected.
-node verify_user.ts(130,13): error TS1128: Declaration or statement expected.
-node verify_user.ts(130,14): error TS1128: Declaration or statement expected.
-node verify_user.ts(131,19): error TS1434: Unexpected keyword or identifier.
-node verify_user.ts(131,27): error TS1434: Unexpected keyword or identifier.
-node verify_user.ts(131,30): error TS1434: Unexpected keyword or identifier.
-node verify_user.ts(131,39): error TS1434: Unexpected keyword or identifier.
-node verify_user.ts(131,46): error TS1434: Unexpected keyword or identifier.
-node verify_user.ts(132,3): error TS1003: Identifier expected.
-node verify_user.ts(132,7): error TS1005: ';' expected.
-node verify_user.ts(132,10): error TS1128: Declaration or statement expected.
-node verify_user.ts(132,13): error TS1128: Declaration or statement expected.
-node verify_user.ts(132,14): error TS1128: Declaration or statement expected.
-node verify_user.ts(133,19): error TS1434: Unexpected keyword or identifier.
-node verify_user.ts(134,3): error TS1003: Identifier expected.
-node verify_user.ts(134,6): error TS1005: ';' expected.
-node verify_user.ts(134,7): error TS1127: Invalid character.
-node verify_user.ts(134,10): error TS1127: Invalid character.
-node verify_user.ts(134,13): error TS1127: Invalid character.
-node verify_user.ts(134,16): error TS1127: Invalid character.
-node verify_user.ts(134,19): error TS1127: Invalid character.
-node verify_user.ts(134,22): error TS1127: Invalid character.
-node verify_user.ts(134,29): error TS1003: Identifier expected.
-node verify_user.ts(134,31): error TS1005: ';' expected.
-node verify_user.ts(134,38): error TS1127: Invalid character.
-node verify_user.ts(134,41): error TS1127: Invalid character.
-node verify_user.ts(134,44): error TS1127: Invalid character.
-node verify_user.ts(134,47): error TS1127: Invalid character.
-node verify_user.ts(134,50): error TS1127: Invalid character.
-node verify_user.ts(134,53): error TS1127: Invalid character.
-node verify_user.ts(135,19): error TS1435: Unknown keyword or identifier. Did you mean 'set'?
-node verify_user.ts(135,23): error TS1434: Unexpected keyword or identifier.
-node verify_user.ts(136,3): error TS1003: Identifier expected.
-node verify_user.ts(136,11): error TS1005: ';' expected.
-node verify_user.ts(136,14): error TS1128: Declaration or statement expected.
-node verify_user.ts(136,34): error TS1005: ';' expected.
-node verify_user.ts(137,19): error TS1434: Unexpected keyword or identifier.
-node verify_user.ts(137,24): error TS1434: Unexpected keyword or identifier.
-node verify_user.ts(137,27): error TS1434: Unexpected keyword or identifier.
-node verify_user.ts(137,31): error TS1434: Unexpected keyword or identifier.
-node verify_user.ts(138,3): error TS1003: Identifier expected.
-node verify_user.ts(138,7): error TS1005: ';' expected.
-node verify_user.ts(138,10): error TS1128: Declaration or statement expected.
-node verify_user.ts(138,13): error TS1128: Declaration or statement expected.
-node verify_user.ts(138,14): error TS1128: Declaration or statement expected.
-node verify_user.ts(139,19): error TS1435: Unknown keyword or identifier. Did you mean 'for'?
-node verify_user.ts(139,25): error TS1434: Unexpected keyword or identifier.
-node verify_user.ts(139,42): error TS1005: ';' expected.
-node verify_user.ts(140,3): error TS1003: Identifier expected.
-node verify_user.ts(140,7): error TS1005: ';' expected.
-node verify_user.ts(140,10): error TS1128: Declaration or statement expected.
-node verify_user.ts(140,13): error TS1128: Declaration or statement expected.
-node verify_user.ts(140,14): error TS1128: Declaration or statement expected.
-node verify_user.ts(140,24): error TS1109: Expression expected.
-node verify_user.ts(140,26): error TS1005: '(' expected.
-node verify_user.ts(141,19): error TS1005: ')' expected.
-node verify_user.ts(141,27): error TS1005: '(' expected.
-node verify_user.ts(141,34): error TS1005: ')' expected.
-node verify_user.ts(141,39): error TS1434: Unexpected keyword or identifier.
-node verify_user.ts(141,44): error TS1434: Unexpected keyword or identifier.
-node verify_user.ts(141,47): error TS1434: Unexpected keyword or identifier.
-node verify_user.ts(142,3): error TS1003: Identifier expected.
-node verify_user.ts(142,7): error TS1005: ';' expected.
-node verify_user.ts(142,10): error TS1128: Declaration or statement expected.
-node verify_user.ts(142,13): error TS1128: Declaration or statement expected.
-node verify_user.ts(142,14): error TS1128: Declaration or statement expected.
-node verify_user.ts(143,19): error TS1434: Unexpected keyword or identifier.
-node verify_user.ts(143,29): error TS1434: Unexpected keyword or identifier.
-node verify_user.ts(143,34): error TS1434: Unexpected keyword or identifier.
-node verify_user.ts(143,39): error TS1435: Unknown keyword or identifier. Did you mean 'catch'?
-node verify_user.ts(143,49): error TS1005: '(' expected.
-node verify_user.ts(144,3): error TS1003: Identifier expected.
-node verify_user.ts(144,7): error TS1005: ';' expected.
-node verify_user.ts(144,10): error TS1128: Declaration or statement expected.
-node verify_user.ts(144,13): error TS1128: Declaration or statement expected.
-node verify_user.ts(144,14): error TS1128: Declaration or statement expected.
-node verify_user.ts(145,19): error TS1434: Unexpected keyword or identifier.
-node verify_user.ts(145,60): error TS1002: Unterminated string literal.
-node verify_user.ts(146,8): error TS1127: Invalid character.
-node verify_user.ts(146,9): error TS1434: Unexpected keyword or identifier.
-node verify_user.ts(146,10): error TS1128: Declaration or statement expected.
-node verify_user.ts(146,13): error TS1128: Declaration or statement expected.
-node verify_user.ts(146,16): error TS1128: Declaration or statement expected.
-node verify_user.ts(146,36): error TS1005: ';' expected.
-node verify_user.ts(146,39): error TS1127: Invalid character.
-node verify_user.ts(147,19): error TS1434: Unexpected keyword or identifier.
-node verify_user.ts(147,28): error TS1434: Unexpected keyword or identifier.
-node verify_user.ts(148,3): error TS1003: Identifier expected.
-node verify_user.ts(148,7): error TS1005: ';' expected.
-node verify_user.ts(148,10): error TS1128: Declaration or statement expected.
-node verify_user.ts(148,13): error TS1128: Declaration or statement expected.
-node verify_user.ts(148,14): error TS1128: Declaration or statement expected.
-node verify_user.ts(148,26): error TS1109: Expression expected.
-node verify_user.ts(149,19): error TS1434: Unexpected keyword or identifier.
-node verify_user.ts(149,26): error TS1128: Declaration or statement expected.
-node verify_user.ts(149,31): error TS1109: Expression expected.
-node verify_user.ts(149,43): error TS1005: ';' expected.
-node verify_user.ts(149,51): error TS1434: Unexpected keyword or identifier.
-node verify_user.ts(149,55): error TS1005: 'while' expected.
-node verify_user.ts(149,63): error TS1005: ')' expected.
-node verify_user.ts(150,3): error TS1003: Identifier expected.
-node verify_user.ts(150,7): error TS1005: ';' expected.
-node verify_user.ts(150,10): error TS1128: Declaration or statement expected.
-node verify_user.ts(150,13): error TS1128: Declaration or statement expected.
-node verify_user.ts(150,14): error TS1128: Declaration or statement expected.
-node verify_user.ts(151,19): error TS1434: Unexpected keyword or identifier.
-node verify_user.ts(151,26): error TS1128: Declaration or statement expected.
-node verify_user.ts(151,31): error TS1109: Expression expected.
-node verify_user.ts(151,38): error TS1005: ';' expected.
-node verify_user.ts(152,3): error TS1003: Identifier expected.
-node verify_user.ts(152,8): error TS1127: Invalid character.
-node verify_user.ts(152,9): error TS1434: Unexpected keyword or identifier.
-node verify_user.ts(152,10): error TS1128: Declaration or statement expected.
-node verify_user.ts(152,13): error TS1128: Declaration or statement expected.
-node verify_user.ts(152,16): error TS1128: Declaration or statement expected.
-node verify_user.ts(152,32): error TS1005: ';' expected.
-node verify_user.ts(152,35): error TS1127: Invalid character.
-node verify_user.ts(153,19): error TS1434: Unexpected keyword or identifier.
-node verify_user.ts(153,26): error TS1434: Unexpected keyword or identifier.
-node verify_user.ts(153,35): error TS1434: Unexpected keyword or identifier.
-node verify_user.ts(153,38): error TS1434: Unexpected keyword or identifier.
-node verify_user.ts(154,3): error TS1003: Identifier expected.
-node verify_user.ts(154,7): error TS1005: ';' expected.
-node verify_user.ts(154,10): error TS1128: Declaration or statement expected.
-node verify_user.ts(154,13): error TS1128: Declaration or statement expected.
-node verify_user.ts(154,14): error TS1128: Declaration or statement expected.
-node verify_user.ts(155,19): error TS1434: Unexpected keyword or identifier.
-node verify_user.ts(155,27): error TS1434: Unexpected keyword or identifier.
-node verify_user.ts(155,29): error TS1434: Unexpected keyword or identifier.
-node verify_user.ts(155,36): error TS1434: Unexpected keyword or identifier.
-node verify_user.ts(155,43): error TS1434: Unexpected keyword or identifier.
-node verify_user.ts(155,46): error TS1435: Unknown keyword or identifier. Did you mean 'let'?
-node verify_user.ts(155,51): error TS1434: Unexpected keyword or identifier.
-node verify_user.ts(155,56): error TS1434: Unexpected keyword or identifier.
-node verify_user.ts(156,3): error TS1003: Identifier expected.
-node verify_user.ts(156,8): error TS1127: Invalid character.
-node verify_user.ts(156,11): error TS1127: Invalid character.
-node verify_user.ts(156,14): error TS1127: Invalid character.
-node verify_user.ts(156,17): error TS1127: Invalid character.
-node verify_user.ts(156,18): error TS1434: Unexpected keyword or identifier.
-node verify_user.ts(156,19): error TS1128: Declaration or statement expected.
-node verify_user.ts(156,22): error TS1128: Declaration or statement expected.
-node verify_user.ts(156,39): error TS1005: ';' expected.
-node verify_user.ts(156,42): error TS1127: Invalid character.
-node verify_user.ts(156,45): error TS1127: Invalid character.
-node verify_user.ts(156,48): error TS1127: Invalid character.
-node verify_user.ts(156,51): error TS1127: Invalid character.
-node verify_user.ts(157,19): error TS1434: Unexpected keyword or identifier.
-node verify_user.ts(157,23): error TS1434: Unexpected keyword or identifier.
-node verify_user.ts(157,25): error TS1434: Unexpected keyword or identifier.
-node verify_user.ts(158,3): error TS1003: Identifier expected.
-node verify_user.ts(158,7): error TS1005: ';' expected.
-node verify_user.ts(158,10): error TS1128: Declaration or statement expected.
-node verify_user.ts(158,13): error TS1128: Declaration or statement expected.
-node verify_user.ts(158,14): error TS1128: Declaration or statement expected.
-node verify_user.ts(159,19): error TS1434: Unexpected keyword or identifier.
-node verify_user.ts(159,41): error TS1005: ';' expected.
-node verify_user.ts(160,3): error TS1003: Identifier expected.
-node verify_user.ts(160,7): error TS1005: ';' expected.
-node verify_user.ts(160,10): error TS1128: Declaration or statement expected.
-node verify_user.ts(160,13): error TS1128: Declaration or statement expected.
-node verify_user.ts(160,14): error TS1128: Declaration or statement expected.
-node verify_user.ts(161,19): error TS1434: Unexpected keyword or identifier.
-node verify_user.ts(161,26): error TS1434: Unexpected keyword or identifier.
-node verify_user.ts(161,30): error TS1434: Unexpected keyword or identifier.
-node verify_user.ts(161,39): error TS1434: Unexpected keyword or identifier.
-node verify_user.ts(162,3): error TS1003: Identifier expected.
-node verify_user.ts(162,11): error TS1005: ';' expected.
-node verify_user.ts(162,14): error TS1128: Declaration or statement expected.
-node verify_user.ts(162,34): error TS1005: ';' expected.
-node verify_user.ts(163,19): error TS1435: Unknown keyword or identifier. Did you mean 'set'?
-node verify_user.ts(163,23): error TS1434: Unexpected keyword or identifier.
-node verify_user.ts(164,3): error TS1003: Identifier expected.
-node verify_user.ts(164,11): error TS1005: ';' expected.
-node verify_user.ts(164,14): error TS1128: Declaration or statement expected.
-node verify_user.ts(164,35): error TS1005: ';' expected.
-node verify_user.ts(165,19): error TS1434: Unexpected keyword or identifier.
-node verify_user.ts(165,42): error TS1002: Unterminated string literal.
-node verify_user.ts(166,8): error TS1127: Invalid character.
-node verify_user.ts(166,11): error TS1127: Invalid character.
-node verify_user.ts(166,14): error TS1127: Invalid character.
-node verify_user.ts(166,17): error TS1127: Invalid character.
-node verify_user.ts(166,18): error TS1434: Unexpected keyword or identifier.
-node verify_user.ts(166,19): error TS1128: Declaration or statement expected.
-node verify_user.ts(166,22): error TS1128: Declaration or statement expected.
-node verify_user.ts(166,35): error TS1005: ';' expected.
-node verify_user.ts(166,38): error TS1127: Invalid character.
-node verify_user.ts(166,41): error TS1127: Invalid character.
-node verify_user.ts(166,44): error TS1127: Invalid character.
-node verify_user.ts(166,47): error TS1127: Invalid character.
-node verify_user.ts(167,19): error TS1434: Unexpected keyword or identifier.
-node verify_user.ts(167,24): error TS1434: Unexpected keyword or identifier.
-node verify_user.ts(167,27): error TS1434: Unexpected keyword or identifier.
-node verify_user.ts(167,46): error TS1005: ',' expected.
-node verify_user.ts(167,52): error TS1005: ',' expected.
-node verify_user.ts(168,3): error TS1003: Identifier expected.
-node verify_user.ts(168,8): error TS1127: Invalid character.
-node verify_user.ts(168,11): error TS1127: Invalid character.
-node verify_user.ts(168,14): error TS1127: Invalid character.
-node verify_user.ts(168,17): error TS1127: Invalid character.
-node verify_user.ts(168,18): error TS1434: Unexpected keyword or identifier.
-node verify_user.ts(168,19): error TS1128: Declaration or statement expected.
-node verify_user.ts(168,22): error TS1128: Declaration or statement expected.
-node verify_user.ts(168,35): error TS1005: ';' expected.
-node verify_user.ts(168,38): error TS1127: Invalid character.
-node verify_user.ts(168,41): error TS1127: Invalid character.
-node verify_user.ts(168,44): error TS1127: Invalid character.
-node verify_user.ts(168,47): error TS1127: Invalid character.
-node verify_user.ts(169,19): error TS1434: Unexpected keyword or identifier.
-node verify_user.ts(169,24): error TS1434: Unexpected keyword or identifier.
-node verify_user.ts(169,27): error TS1434: Unexpected keyword or identifier.
-node verify_user.ts(169,53): error TS1005: ',' expected.
-node verify_user.ts(170,3): error TS1003: Identifier expected.
-node verify_user.ts(170,8): error TS1127: Invalid character.
-node verify_user.ts(170,11): error TS1127: Invalid character.
-node verify_user.ts(170,14): error TS1127: Invalid character.
-node verify_user.ts(170,17): error TS1127: Invalid character.
-node verify_user.ts(170,20): error TS1127: Invalid character.
-node verify_user.ts(170,23): error TS1127: Invalid character.
-node verify_user.ts(170,26): error TS1127: Invalid character.
-node verify_user.ts(170,27): error TS1434: Unexpected keyword or identifier.
-node verify_user.ts(170,28): error TS1128: Declaration or statement expected.
-node verify_user.ts(170,40): error TS1005: ';' expected.
-node verify_user.ts(170,43): error TS1127: Invalid character.
-node verify_user.ts(170,46): error TS1127: Invalid character.
-node verify_user.ts(170,49): error TS1127: Invalid character.
-node verify_user.ts(170,52): error TS1127: Invalid character.
-node verify_user.ts(170,55): error TS1127: Invalid character.
-node verify_user.ts(170,58): error TS1127: Invalid character.
-node verify_user.ts(170,61): error TS1127: Invalid character.
-node verify_user.ts(171,19): error TS1434: Unexpected keyword or identifier.
-node verify_user.ts(171,25): error TS1434: Unexpected keyword or identifier.
-node verify_user.ts(171,42): error TS1005: ',' expected.
-node verify_user.ts(171,50): error TS1005: ',' expected.
-node verify_user.ts(172,3): error TS1003: Identifier expected.
-node verify_user.ts(172,8): error TS1127: Invalid character.
-node verify_user.ts(172,11): error TS1127: Invalid character.
-node verify_user.ts(172,14): error TS1127: Invalid character.
-node verify_user.ts(172,17): error TS1127: Invalid character.
-node verify_user.ts(172,20): error TS1127: Invalid character.
-node verify_user.ts(172,23): error TS1127: Invalid character.
-node verify_user.ts(172,24): error TS1434: Unexpected keyword or identifier.
-node verify_user.ts(172,25): error TS1128: Declaration or statement expected.
-node verify_user.ts(172,37): error TS1005: ';' expected.
-node verify_user.ts(172,40): error TS1127: Invalid character.
-node verify_user.ts(172,43): error TS1127: Invalid character.
-node verify_user.ts(172,46): error TS1127: Invalid character.
-node verify_user.ts(172,49): error TS1127: Invalid character.
-node verify_user.ts(172,52): error TS1127: Invalid character.
-node verify_user.ts(172,55): error TS1127: Invalid character.
-node verify_user.ts(173,19): error TS1434: Unexpected keyword or identifier.
-node verify_user.ts(174,3): error TS1003: Identifier expected.
-node verify_user.ts(174,11): error TS1005: ';' expected.
-node verify_user.ts(174,14): error TS1128: Declaration or statement expected.
-node verify_user.ts(174,26): error TS1005: ';' expected.
-node verify_user.ts(174,35): error TS1005: ';' expected.
-node verify_user.ts(174,44): error TS1005: ';' expected.
-node verify_user.ts(175,19): error TS1434: Unexpected keyword or identifier.
-node verify_user.ts(175,25): error TS1434: Unexpected keyword or identifier.
-node verify_user.ts(175,29): error TS1434: Unexpected keyword or identifier.
-node verify_user.ts(176,3): error TS1003: Identifier expected.
-node verify_user.ts(176,11): error TS1005: ';' expected.
-node verify_user.ts(176,14): error TS1128: Declaration or statement expected.
-node verify_user.ts(176,40): error TS1005: ';' expected.
-node verify_user.ts(177,19): error TS1434: Unexpected keyword or identifier.
-node verify_user.ts(177,32): error TS1005: ';' expected.
-node verify_user.ts(178,3): error TS1003: Identifier expected.
-node verify_user.ts(178,7): error TS1005: ';' expected.
-node verify_user.ts(178,10): error TS1128: Declaration or statement expected.
-node verify_user.ts(178,13): error TS1128: Declaration or statement expected.
-node verify_user.ts(178,14): error TS1128: Declaration or statement expected.
-node verify_user.ts(179,19): error TS1434: Unexpected keyword or identifier.
-node verify_user.ts(179,27): error TS1434: Unexpected keyword or identifier.
-node verify_user.ts(179,36): error TS1434: Unexpected keyword or identifier.
-node verify_user.ts(180,3): error TS1003: Identifier expected.
-node verify_user.ts(180,7): error TS1005: ';' expected.
-node verify_user.ts(180,10): error TS1128: Declaration or statement expected.
-node verify_user.ts(180,13): error TS1128: Declaration or statement expected.
-node verify_user.ts(180,14): error TS1128: Declaration or statement expected.
-node verify_user.ts(181,35): error TS1005: ';' expected.
-node verify_user.ts(181,40): error TS1434: Unexpected keyword or identifier.
-node verify_user.ts(181,46): error TS1434: Unexpected keyword or identifier.
-node verify_user.ts(181,53): error TS1434: Unexpected keyword or identifier.
-node verify_user.ts(182,3): error TS1003: Identifier expected.
-node verify_user.ts(182,8): error TS1127: Invalid character.
-node verify_user.ts(182,11): error TS1127: Invalid character.
-node verify_user.ts(182,14): error TS1127: Invalid character.
-node verify_user.ts(182,15): error TS1434: Unexpected keyword or identifier.
-node verify_user.ts(182,16): error TS1128: Declaration or statement expected.
-node verify_user.ts(182,19): error TS1128: Declaration or statement expected.
-node verify_user.ts(182,20): error TS1128: Declaration or statement expected.
-node verify_user.ts(182,28): error TS1005: ';' expected.
-node verify_user.ts(182,31): error TS1127: Invalid character.
-node verify_user.ts(182,34): error TS1127: Invalid character.
-node verify_user.ts(182,37): error TS1127: Invalid character.
-node verify_user.ts(183,19): error TS1434: Unexpected keyword or identifier.
-node verify_user.ts(183,24): error TS1434: Unexpected keyword or identifier.
-node verify_user.ts(184,3): error TS1003: Identifier expected.
-node verify_user.ts(184,8): error TS1127: Invalid character.
-node verify_user.ts(184,11): error TS1127: Invalid character.
-node verify_user.ts(184,14): error TS1127: Invalid character.
-node verify_user.ts(184,17): error TS1127: Invalid character.
-node verify_user.ts(184,20): error TS1127: Invalid character.
-node verify_user.ts(184,23): error TS1127: Invalid character.
-node verify_user.ts(184,26): error TS1127: Invalid character.
-node verify_user.ts(184,29): error TS1127: Invalid character.
-node verify_user.ts(184,30): error TS1434: Unexpected keyword or identifier.
-node verify_user.ts(184,31): error TS1128: Declaration or statement expected.
-node verify_user.ts(184,43): error TS1005: ';' expected.
-node verify_user.ts(184,46): error TS1127: Invalid character.
-node verify_user.ts(184,49): error TS1127: Invalid character.
-node verify_user.ts(184,52): error TS1127: Invalid character.
-node verify_user.ts(184,55): error TS1127: Invalid character.
-node verify_user.ts(184,58): error TS1127: Invalid character.
-node verify_user.ts(184,61): error TS1127: Invalid character.
-node verify_user.ts(184,64): error TS1127: Invalid character.
-node verify_user.ts(184,67): error TS1127: Invalid character.
-node verify_user.ts(185,19): error TS1434: Unexpected keyword or identifier.
-node verify_user.ts(185,23): error TS1434: Unexpected keyword or identifier.
-node verify_user.ts(185,26): error TS1434: Unexpected keyword or identifier.
-node verify_user.ts(185,36): error TS1434: Unexpected keyword or identifier.
-node verify_user.ts(186,3): error TS1003: Identifier expected.
-node verify_user.ts(186,11): error TS1005: ';' expected.
-node verify_user.ts(186,14): error TS1128: Declaration or statement expected.
-node verify_user.ts(186,40): error TS1005: ';' expected.
-node verify_user.ts(187,19): error TS1434: Unexpected keyword or identifier.
-node verify_user.ts(187,26): error TS1434: Unexpected keyword or identifier.
-node verify_user.ts(187,35): error TS1434: Unexpected keyword or identifier.
-node verify_user.ts(188,3): error TS1003: Identifier expected.
-node verify_user.ts(188,7): error TS1005: ';' expected.
-node verify_user.ts(188,10): error TS1128: Declaration or statement expected.
-node verify_user.ts(188,13): error TS1128: Declaration or statement expected.
-node verify_user.ts(188,14): error TS1128: Declaration or statement expected.
-node verify_user.ts(189,19): error TS1434: Unexpected keyword or identifier.
-node verify_user.ts(189,27): error TS1434: Unexpected keyword or identifier.
-node verify_user.ts(189,31): error TS1434: Unexpected keyword or identifier.
-node verify_user.ts(189,39): error TS1434: Unexpected keyword or identifier.
-node verify_user.ts(189,46): error TS1434: Unexpected keyword or identifier.
-node verify_user.ts(190,3): error TS1003: Identifier expected.
-node verify_user.ts(190,7): error TS1005: ';' expected.
-node verify_user.ts(190,10): error TS1128: Declaration or statement expected.
-node verify_user.ts(190,13): error TS1128: Declaration or statement expected.
-node verify_user.ts(190,14): error TS1128: Declaration or statement expected.
-node verify_user.ts(191,19): error TS1434: Unexpected keyword or identifier.
-node verify_user.ts(191,29): error TS1434: Unexpected keyword or identifier.
-node verify_user.ts(191,44): error TS1005: ';' expected.
-node verify_user.ts(192,3): error TS1003: Identifier expected.
-node verify_user.ts(192,7): error TS1005: ';' expected.
-node verify_user.ts(192,10): error TS1128: Declaration or statement expected.
-node verify_user.ts(192,13): error TS1128: Declaration or statement expected.
-node verify_user.ts(192,14): error TS1128: Declaration or statement expected.
-node verify_user.ts(193,19): error TS1434: Unexpected keyword or identifier.
-node verify_user.ts(193,29): error TS1434: Unexpected keyword or identifier.
-node verify_user.ts(193,44): error TS1005: ';' expected.
-node verify_user.ts(193,50): error TS1434: Unexpected keyword or identifier.
-node verify_user.ts(193,54): error TS1435: Unknown keyword or identifier. Did you mean 'for ward'?
-node verify_user.ts(194,3): error TS1003: Identifier expected.
-node verify_user.ts(194,8): error TS1127: Invalid character.
-node verify_user.ts(194,11): error TS1109: Expression expected.
-node verify_user.ts(194,12): error TS1109: Expression expected.
-node verify_user.ts(194,15): error TS1128: Declaration or statement expected.
-node verify_user.ts(194,16): error TS1128: Declaration or statement expected.
-node verify_user.ts(194,25): error TS1005: ';' expected.
-node verify_user.ts(194,28): error TS1127: Invalid character.
-node verify_user.ts(194,31): error TS1109: Expression expected.
-node verify_user.ts(194,32): error TS1109: Expression expected.
-node verify_user.ts(194,35): error TS1109: Expression expected.
-node verify_user.ts(194,36): error TS1005: ';' expected.
-node verify_user.ts(195,19): error TS1435: Unknown keyword or identifier. Did you mean 'set'?
-node verify_user.ts(195,23): error TS1434: Unexpected keyword or identifier.
-node verify_user.ts(196,3): error TS1003: Identifier expected.
-node verify_user.ts(196,7): error TS1005: ';' expected.
-node verify_user.ts(196,10): error TS1128: Declaration or statement expected.
-node verify_user.ts(196,13): error TS1128: Declaration or statement expected.
-node verify_user.ts(196,14): error TS1128: Declaration or statement expected.
-node verify_user.ts(197,19): error TS1434: Unexpected keyword or identifier.
-node verify_user.ts(197,57): error TS1002: Unterminated string literal.
-node verify_user.ts(198,8): error TS1127: Invalid character.
-node verify_user.ts(198,9): error TS1434: Unexpected keyword or identifier.
-node verify_user.ts(198,10): error TS1128: Declaration or statement expected.
-node verify_user.ts(198,13): error TS1128: Declaration or statement expected.
-node verify_user.ts(198,16): error TS1128: Declaration or statement expected.
-node verify_user.ts(198,36): error TS1005: ';' expected.
-node verify_user.ts(198,39): error TS1127: Invalid character.
-node verify_user.ts(199,19): error TS1434: Unexpected keyword or identifier.
-node verify_user.ts(199,27): error TS1434: Unexpected keyword or identifier.
-node verify_user.ts(200,3): error TS1003: Identifier expected.
-node verify_user.ts(200,8): error TS1127: Invalid character.
-node verify_user.ts(200,9): error TS1434: Unexpected keyword or identifier.
-node verify_user.ts(200,10): error TS1128: Declaration or statement expected.
-node verify_user.ts(200,13): error TS1128: Declaration or statement expected.
-node verify_user.ts(200,16): error TS1128: Declaration or statement expected.
-node verify_user.ts(200,27): error TS1005: ';' expected.
-node verify_user.ts(200,30): error TS1127: Invalid character.
-node verify_user.ts(201,19): error TS1435: Unknown keyword or identifier. Did you mean 'set'?
-node verify_user.ts(201,23): error TS1434: Unexpected keyword or identifier.
-node verify_user.ts(201,28): error TS1434: Unexpected keyword or identifier.
-node verify_user.ts(202,3): error TS1003: Identifier expected.
-node verify_user.ts(202,40): error TS1002: Unterminated string literal.
-node verify_user.ts(203,19): error TS1435: Unknown keyword or identifier. Did you mean 'set'?
-node verify_user.ts(203,23): error TS1434: Unexpected keyword or identifier.
-node verify_user.ts(203,29): error TS1434: Unexpected keyword or identifier.
-node verify_user.ts(204,3): error TS1003: Identifier expected.
-node verify_user.ts(204,7): error TS1109: Expression expected.
-node verify_user.ts(204,10): error TS1128: Declaration or statement expected.
-node verify_user.ts(204,13): error TS1128: Declaration or statement expected.
-node verify_user.ts(204,14): error TS1128: Declaration or statement expected.
-node verify_user.ts(205,19): error TS1434: Unexpected keyword or identifier.
-node verify_user.ts(205,58): error TS1002: Unterminated string literal.
-node verify_user.ts(206,4): error TS1127: Invalid character.
-node verify_user.ts(206,8): error TS1127: Invalid character.
-node verify_user.ts(206,9): error TS1434: Unexpected keyword or identifier.
-node verify_user.ts(206,10): error TS1128: Declaration or statement expected.
-node verify_user.ts(206,13): error TS1128: Declaration or statement expected.
-node verify_user.ts(206,16): error TS1128: Declaration or statement expected.
-node verify_user.ts(206,26): error TS1005: ';' expected.
-node verify_user.ts(206,29): error TS1127: Invalid character.
-node verify_user.ts(207,19): error TS1435: Unknown keyword or identifier. Did you mean 'set'?
-node verify_user.ts(207,23): error TS1434: Unexpected keyword or identifier.
-node verify_user.ts(207,34): error TS1434: Unexpected keyword or identifier.
-node verify_user.ts(207,57): error TS1005: ',' expected.
-node verify_user.ts(207,62): error TS1005: ',' expected.
-node verify_user.ts(207,69): error TS1005: ',' expected.
-node verify_user.ts(208,17): error TS1003: Identifier expected.
-node verify_user.ts(209,19): error TS1434: Unexpected keyword or identifier.
-node verify_user.ts(209,33): error TS1434: Unexpected keyword or identifier.
-node verify_user.ts(209,43): error TS1434: Unexpected keyword or identifier.
-node verify_user.ts(209,47): error TS1434: Unexpected keyword or identifier.
-node verify_user.ts(209,52): error TS1434: Unexpected keyword or identifier.
-node verify_user.ts(209,55): error TS1434: Unexpected keyword or identifier.
-node verify_user.ts(209,59): error TS1434: Unexpected keyword or identifier.
-node verify_user.ts(210,17): error TS1003: Identifier expected.
-node verify_user.ts(211,19): error TS1434: Unexpected keyword or identifier.
-node verify_user.ts(211,23): error TS1434: Unexpected keyword or identifier.
-node verify_user.ts(211,25): error TS1434: Unexpected keyword or identifier.
-node verify_user.ts(211,33): error TS1434: Unexpected keyword or identifier.
-node verify_user.ts(211,41): error TS1434: Unexpected keyword or identifier.
-node verify_user.ts(211,50): error TS1005: '(' expected.
-node verify_user.ts(211,54): error TS1005: ')' expected.
-node verify_user.ts(211,60): error TS1434: Unexpected keyword or identifier.
-node verify_user.ts(211,65): error TS1228: A type predicate is only allowed in return type position for functions and methods.
-node verify_user.ts(212,17): error TS1003: Identifier expected.
-node verify_user.ts(213,19): error TS1434: Unexpected keyword or identifier.
-node verify_user.ts(213,39): error TS1005: ';' expected.
-node verify_user.ts(213,47): error TS1434: Unexpected keyword or identifier.
-node verify_user.ts(213,57): error TS1228: A type predicate is only allowed in return type position for functions and methods.
-node verify_user.ts(213,68): error TS1109: Expression expected.
-node verify_user.ts(214,17): error TS1003: Identifier expected.
-node verify_user.ts(214,33): error TS1005: ';' expected.
-node verify_user.ts(215,19): error TS1435: Unknown keyword or identifier. Did you mean 'set'?
-node verify_user.ts(215,23): error TS1434: Unexpected keyword or identifier.
-node verify_user.ts(215,27): error TS1435: Unknown keyword or identifier. Did you mean 'with'?
-node verify_user.ts(215,33): error TS1434: Unexpected keyword or identifier.
-node verify_user.ts(215,43): error TS1005: ';' expected.
-node verify_user.ts(215,48): error TS1434: Unexpected keyword or identifier.
-node verify_user.ts(215,55): error TS1435: Unknown keyword or identifier. Did you mean 'yield'?
-node verify_user.ts(215,61): error TS1434: Unexpected keyword or identifier.
-node verify_user.ts(215,64): error TS1434: Unexpected keyword or identifier.
-node verify_user.ts(216,17): error TS1003: Identifier expected.
-node verify_user.ts(217,19): error TS1434: Unexpected keyword or identifier.
-node verify_user.ts(217,26): error TS1434: Unexpected keyword or identifier.
-node verify_user.ts(218,17): error TS1003: Identifier expected.
-node verify_user.ts(219,19): error TS1434: Unexpected keyword or identifier.
-node verify_user.ts(219,65): error TS1002: Unterminated string literal.
-node verify_user.ts(221,19): error TS1434: Unexpected keyword or identifier.
-node verify_user.ts(221,26): error TS1434: Unexpected keyword or identifier.
-node verify_user.ts(221,37): error TS1434: Unexpected keyword or identifier.
-node verify_user.ts(221,42): error TS1434: Unexpected keyword or identifier.
-node verify_user.ts(222,17): error TS1003: Identifier expected.
-node verify_user.ts(222,26): error TS1005: ';' expected.
-node verify_user.ts(223,19): error TS1435: Unknown keyword or identifier. Did you mean 'set'?
-node verify_user.ts(223,23): error TS1434: Unexpected keyword or identifier.
-node verify_user.ts(223,27): error TS1434: Unexpected keyword or identifier.
-node verify_user.ts(223,37): error TS1434: Unexpected keyword or identifier.
-node verify_user.ts(223,42): error TS1434: Unexpected keyword or identifier.
-node verify_user.ts(223,45): error TS1434: Unexpected keyword or identifier.
-node verify_user.ts(223,50): error TS1434: Unexpected keyword or identifier.
-node verify_user.ts(224,17): error TS1003: Identifier expected.
-node verify_user.ts(225,19): error TS1434: Unexpected keyword or identifier.
-node verify_user.ts(225,26): error TS1434: Unexpected keyword or identifier.
-node verify_user.ts(225,32): error TS1434: Unexpected keyword or identifier.
-node verify_user.ts(225,39): error TS1434: Unexpected keyword or identifier.
-node verify_user.ts(225,51): error TS1434: Unexpected keyword or identifier.
-node verify_user.ts(226,17): error TS1003: Identifier expected.
-node verify_user.ts(226,35): error TS1005: ';' expected.
-node verify_user.ts(227,19): error TS1435: Unknown keyword or identifier. Did you mean 'set'?
-node verify_user.ts(227,23): error TS1434: Unexpected keyword or identifier.
-node verify_user.ts(227,27): error TS1435: Unknown keyword or identifier. Did you mean 'with'?
-node verify_user.ts(227,33): error TS1434: Unexpected keyword or identifier.
-node verify_user.ts(227,43): error TS1005: ';' expected.
-node verify_user.ts(227,50): error TS1434: Unexpected keyword or identifier.
-node verify_user.ts(227,57): error TS1434: Unexpected keyword or identifier.
-node verify_user.ts(227,60): error TS1434: Unexpected keyword or identifier.
-node verify_user.ts(228,17): error TS1003: Identifier expected.
-node verify_user.ts(229,19): error TS1434: Unexpected keyword or identifier.
-node verify_user.ts(229,30): error TS1434: Unexpected keyword or identifier.
-node verify_user.ts(229,38): error TS1434: Unexpected keyword or identifier.
-node verify_user.ts(229,62): error TS1005: ';' expected.
-node verify_user.ts(230,17): error TS1003: Identifier expected.
-node verify_user.ts(231,19): error TS1434: Unexpected keyword or identifier.
-node verify_user.ts(231,27): error TS1434: Unexpected keyword or identifier.
-node verify_user.ts(232,17): error TS1003: Identifier expected.
-node verify_user.ts(232,30): error TS1005: ';' expected.
-node verify_user.ts(233,19): error TS1434: Unexpected keyword or identifier.
-node verify_user.ts(233,24): error TS1434: Unexpected keyword or identifier.
-node verify_user.ts(233,30): error TS1434: Unexpected keyword or identifier.
-node verify_user.ts(233,33): error TS1434: Unexpected keyword or identifier.
-node verify_user.ts(233,37): error TS1434: Unexpected keyword or identifier.
-node verify_user.ts(233,43): error TS1434: Unexpected keyword or identifier.
-node verify_user.ts(233,49): error TS1434: Unexpected keyword or identifier.
-node verify_user.ts(233,55): error TS1434: Unexpected keyword or identifier.
-node verify_user.ts(236,2): error TS1003: Identifier expected.
-node verify_user.ts(236,4): error TS1109: Expression expected.
-node verify_user.ts(236,6): error TS1109: Expression expected.
-node verify_user.ts(236,8): error TS1109: Expression expected.
-node verify_user.ts(236,10): error TS1109: Expression expected.
-node verify_user.ts(236,12): error TS1109: Expression expected.
-node verify_user.ts(236,14): error TS1109: Expression expected.
-node verify_user.ts(236,16): error TS1109: Expression expected.
-node verify_user.ts(236,18): error TS1109: Expression expected.
-node verify_user.ts(236,20): error TS1109: Expression expected.
-node verify_user.ts(236,22): error TS1109: Expression expected.
-node verify_user.ts(236,24): error TS1109: Expression expected.
-node verify_user.ts(236,26): error TS1109: Expression expected.
-node verify_user.ts(236,28): error TS1109: Expression expected.
-node verify_user.ts(236,30): error TS1109: Expression expected.
-node verify_user.ts(236,32): error TS1109: Expression expected.
-node verify_user.ts(236,34): error TS1109: Expression expected.
-node verify_user.ts(236,36): error TS1109: Expression expected.
-node verify_user.ts(236,38): error TS1109: Expression expected.
-node verify_user.ts(236,40): error TS1109: Expression expected.
-node verify_user.ts(236,42): error TS1109: Expression expected.
-node verify_user.ts(236,44): error TS1109: Expression expected.
-node verify_user.ts(236,46): error TS1109: Expression expected.
-node verify_user.ts(236,48): error TS1109: Expression expected.
-node verify_user.ts(236,50): error TS1109: Expression expected.
-node verify_user.ts(236,52): error TS1109: Expression expected.
-node verify_user.ts(236,54): error TS1109: Expression expected.
-node verify_user.ts(236,56): error TS1109: Expression expected.
-node verify_user.ts(236,58): error TS1109: Expression expected.
-node verify_user.ts(236,60): error TS1109: Expression expected.
-node verify_user.ts(236,62): error TS1109: Expression expected.
-node verify_user.ts(236,64): error TS1109: Expression expected.
-node verify_user.ts(236,66): error TS1109: Expression expected.
-node verify_user.ts(236,68): error TS1109: Expression expected.
-node verify_user.ts(236,70): error TS1109: Expression expected.
-node verify_user.ts(236,72): error TS1109: Expression expected.
-node verify_user.ts(236,74): error TS1109: Expression expected.
-node verify_user.ts(236,76): error TS1109: Expression expected.
-node verify_user.ts(238,28): error TS1127: Invalid character.
-node verify_user.ts(238,31): error TS1127: Invalid character.
-node verify_user.ts(238,34): error TS1127: Invalid character.
-node verify_user.ts(238,37): error TS1127: Invalid character.
-node verify_user.ts(238,38): error TS1434: Unexpected keyword or identifier.
-node verify_user.ts(238,41): error TS1127: Invalid character.
-node verify_user.ts(238,44): error TS1127: Invalid character.
-node verify_user.ts(238,47): error TS1127: Invalid character.
-node verify_user.ts(238,50): error TS1127: Invalid character.
-node verify_user.ts(238,53): error TS1127: Invalid character.
-node verify_user.ts(238,56): error TS1127: Invalid character.
-node verify_user.ts(238,59): error TS1127: Invalid character.
-node verify_user.ts(240,9): error TS1434: Unexpected keyword or identifier.
-node verify_user.ts(240,15): error TS1434: Unexpected keyword or identifier.
-node verify_user.ts(240,20): error TS1434: Unexpected keyword or identifier.
-node verify_user.ts(240,24): error TS1434: Unexpected keyword or identifier.
-node verify_user.ts(240,27): error TS1434: Unexpected keyword or identifier.
-node verify_user.ts(240,32): error TS1434: Unexpected keyword or identifier.
-node verify_user.ts(240,35): error TS1434: Unexpected keyword or identifier.
-node verify_user.ts(240,40): error TS1434: Unexpected keyword or identifier.
-node verify_user.ts(240,45): error TS1434: Unexpected keyword or identifier.
-node verify_user.ts(241,9): error TS1434: Unexpected keyword or identifier.
-node verify_user.ts(241,12): error TS1434: Unexpected keyword or identifier.
-node verify_user.ts(241,31): error TS1005: ';' expected.
-node verify_user.ts(241,34): error TS1434: Unexpected keyword or identifier.
-node verify_user.ts(241,38): error TS1434: Unexpected keyword or identifier.
-node verify_user.ts(241,45): error TS1434: Unexpected keyword or identifier.
-node verify_user.ts(241,48): error TS1434: Unexpected keyword or identifier.
-node verify_user.ts(243,13): error TS1005: ';' expected.
-node verify_user.ts(243,16): error TS1128: Declaration or statement expected.
-node verify_user.ts(243,19): error TS1128: Declaration or statement expected.
-node verify_user.ts(243,22): error TS1128: Declaration or statement expected.
-node verify_user.ts(243,25): error TS1128: Declaration or statement expected.
-node verify_user.ts(243,28): error TS1128: Declaration or statement expected.
-node verify_user.ts(243,31): error TS1128: Declaration or statement expected.
-node verify_user.ts(243,41): error TS1005: ';' expected.
-node verify_user.ts(243,45): error TS1434: Unexpected keyword or identifier.
-node verify_user.ts(243,50): error TS1434: Unexpected keyword or identifier.
-node verify_user.ts(243,57): error TS1434: Unexpected keyword or identifier.
-node verify_user.ts(243,63): error TS1434: Unexpected keyword or identifier.
-node verify_user.ts(244,12): error TS1005: ';' expected.
-node verify_user.ts(244,15): error TS1128: Declaration or statement expected.
-node verify_user.ts(244,18): error TS1128: Declaration or statement expected.
-node verify_user.ts(244,21): error TS1128: Declaration or statement expected.
-node verify_user.ts(244,24): error TS1128: Declaration or statement expected.
-node verify_user.ts(244,27): error TS1128: Declaration or statement expected.
-node verify_user.ts(244,30): error TS1128: Declaration or statement expected.
-node verify_user.ts(244,33): error TS1128: Declaration or statement expected.
-node verify_user.ts(244,41): error TS1005: ';' expected.
-node verify_user.ts(244,45): error TS1434: Unexpected keyword or identifier.
-node verify_user.ts(244,50): error TS1434: Unexpected keyword or identifier.
-node verify_user.ts(244,57): error TS1435: Unknown keyword or identifier. Did you mean 'let'?
-node verify_user.ts(244,62): error TS1434: Unexpected keyword or identifier.
-node verify_user.ts(245,19): error TS1005: ';' expected.
-node verify_user.ts(245,35): error TS1005: ';' expected.
-node verify_user.ts(245,41): error TS1005: ';' expected.
-node verify_user.ts(245,45): error TS1434: Unexpected keyword or identifier.
-node verify_user.ts(245,50): error TS1434: Unexpected keyword or identifier.
-node verify_user.ts(245,57): error TS1434: Unexpected keyword or identifier.
-node verify_user.ts(245,63): error TS1434: Unexpected keyword or identifier.
-node verify_user.ts(246,19): error TS1005: ';' expected.
-node verify_user.ts(246,35): error TS1005: ';' expected.
-node verify_user.ts(246,41): error TS1005: ';' expected.
-node verify_user.ts(246,45): error TS1434: Unexpected keyword or identifier.
-node verify_user.ts(246,50): error TS1434: Unexpected keyword or identifier.
-node verify_user.ts(246,57): error TS1435: Unknown keyword or identifier. Did you mean 'let'?
-node verify_user.ts(246,62): error TS1434: Unexpected keyword or identifier.
-node verify_user.ts(247,7): error TS1005: ';' expected.
-node verify_user.ts(247,10): error TS1128: Declaration or statement expected.
-node verify_user.ts(247,13): error TS1128: Declaration or statement expected.
-node verify_user.ts(247,16): error TS1128: Declaration or statement expected.
-node verify_user.ts(247,19): error TS1128: Declaration or statement expected.
-node verify_user.ts(247,22): error TS1128: Declaration or statement expected.
-node verify_user.ts(247,25): error TS1128: Declaration or statement expected.
-node verify_user.ts(247,28): error TS1128: Declaration or statement expected.
-node verify_user.ts(247,31): error TS1128: Declaration or statement expected.
-node verify_user.ts(247,41): error TS1005: ';' expected.
-node verify_user.ts(247,45): error TS1434: Unexpected keyword or identifier.
-node verify_user.ts(247,50): error TS1434: Unexpected keyword or identifier.
-node verify_user.ts(247,57): error TS1434: Unexpected keyword or identifier.
-node verify_user.ts(247,60): error TS1434: Unexpected keyword or identifier.
-node verify_user.ts(247,66): error TS1434: Unexpected keyword or identifier.
-node verify_user.ts(248,6): error TS1005: ';' expected.
-node verify_user.ts(248,9): error TS1128: Declaration or statement expected.
-node verify_user.ts(248,12): error TS1128: Declaration or statement expected.
-node verify_user.ts(248,15): error TS1128: Declaration or statement expected.
-node verify_user.ts(248,18): error TS1128: Declaration or statement expected.
-node verify_user.ts(248,21): error TS1128: Declaration or statement expected.
-node verify_user.ts(248,24): error TS1128: Declaration or statement expected.
-node verify_user.ts(248,27): error TS1128: Declaration or statement expected.
-node verify_user.ts(248,30): error TS1128: Declaration or statement expected.
-node verify_user.ts(248,33): error TS1128: Declaration or statement expected.
-node verify_user.ts(248,41): error TS1005: ';' expected.
-node verify_user.ts(248,45): error TS1434: Unexpected keyword or identifier.
-node verify_user.ts(248,50): error TS1434: Unexpected keyword or identifier.
-node verify_user.ts(248,57): error TS1434: Unexpected keyword or identifier.
-node verify_user.ts(248,60): error TS1434: Unexpected keyword or identifier.
-node verify_user.ts(248,64): error TS1434: Unexpected keyword or identifier.
-node verify_user.ts(249,12): error TS1005: ';' expected.
-node verify_user.ts(249,15): error TS1128: Declaration or statement expected.
-node verify_user.ts(249,18): error TS1128: Declaration or statement expected.
-node verify_user.ts(249,21): error TS1128: Declaration or statement expected.
-node verify_user.ts(249,24): error TS1128: Declaration or statement expected.
-node verify_user.ts(249,27): error TS1128: Declaration or statement expected.
-node verify_user.ts(249,30): error TS1128: Declaration or statement expected.
-node verify_user.ts(249,33): error TS1128: Declaration or statement expected.
-node verify_user.ts(249,36): error TS1128: Declaration or statement expected.
-node verify_user.ts(249,39): error TS1128: Declaration or statement expected.
-node verify_user.ts(249,42): error TS1128: Declaration or statement expected.
-node verify_user.ts(249,43): error TS1128: Declaration or statement expected.
-node verify_user.ts(249,45): error TS1435: Unknown keyword or identifier. Did you mean 'delete'?
-node verify_user.ts(249,52): error TS1434: Unexpected keyword or identifier.
-node verify_user.ts(249,57): error TS1434: Unexpected keyword or identifier.
-node verify_user.ts(249,60): error TS1435: Unknown keyword or identifier. Did you mean 'let'?
-node verify_user.ts(249,65): error TS1434: Unexpected keyword or identifier.
-node verify_user.ts(250,9): error TS1005: ';' expected.
-node verify_user.ts(250,12): error TS1128: Declaration or statement expected.
-node verify_user.ts(250,15): error TS1128: Declaration or statement expected.
-node verify_user.ts(250,18): error TS1128: Declaration or statement expected.
-node verify_user.ts(250,21): error TS1128: Declaration or statement expected.
-node verify_user.ts(250,24): error TS1128: Declaration or statement expected.
-node verify_user.ts(250,27): error TS1128: Declaration or statement expected.
-node verify_user.ts(250,30): error TS1128: Declaration or statement expected.
-node verify_user.ts(250,33): error TS1128: Declaration or statement expected.
-node verify_user.ts(250,41): error TS1005: ';' expected.
-node verify_user.ts(250,45): error TS1435: Unknown keyword or identifier. Did you mean 'delete'?
-node verify_user.ts(250,52): error TS1434: Unexpected keyword or identifier.
-node verify_user.ts(250,57): error TS1434: Unexpected keyword or identifier.
-node verify_user.ts(251,19): error TS1005: ';' expected.
-node verify_user.ts(251,33): error TS1005: ';' expected.
-node verify_user.ts(251,36): error TS1128: Declaration or statement expected.
-node verify_user.ts(251,39): error TS1128: Declaration or statement expected.
-node verify_user.ts(251,42): error TS1128: Declaration or statement expected.
-node verify_user.ts(251,43): error TS1128: Declaration or statement expected.
-node verify_user.ts(251,45): error TS1435: Unknown keyword or identifier. Did you mean 'delete'?
-node verify_user.ts(251,52): error TS1434: Unexpected keyword or identifier.
-node verify_user.ts(251,57): error TS1434: Unexpected keyword or identifier.
-node verify_user.ts(251,60): error TS1435: Unknown keyword or identifier. Did you mean 'let'?
-node verify_user.ts(251,65): error TS1434: Unexpected keyword or identifier.
-node verify_user.ts(252,14): error TS1005: ';' expected.
-node verify_user.ts(252,17): error TS1128: Declaration or statement expected.
-node verify_user.ts(252,30): error TS1005: ';' expected.
-node verify_user.ts(252,33): error TS1128: Declaration or statement expected.
-node verify_user.ts(252,41): error TS1005: ';' expected.
-node verify_user.ts(252,45): error TS1435: Unknown keyword or identifier. Did you mean 'delete'?
-node verify_user.ts(252,52): error TS1434: Unexpected keyword or identifier.
-node verify_user.ts(252,57): error TS1434: Unexpected keyword or identifier.
-node verify_user.ts(253,9): error TS1005: ';' expected.
-node verify_user.ts(253,12): error TS1128: Declaration or statement expected.
-node verify_user.ts(253,15): error TS1128: Declaration or statement expected.
-node verify_user.ts(253,31): error TS1005: ',' expected.
-node verify_user.ts(253,37): error TS1005: ';' expected.
-node verify_user.ts(253,40): error TS1128: Declaration or statement expected.
-node verify_user.ts(253,43): error TS1128: Declaration or statement expected.
-node verify_user.ts(253,45): error TS1435: Unknown keyword or identifier. Did you mean 'delete'?
-node verify_user.ts(253,52): error TS1434: Unexpected keyword or identifier.
-node verify_user.ts(254,10): error TS1005: ';' expected.
-node verify_user.ts(254,13): error TS1128: Declaration or statement expected.
-node verify_user.ts(254,16): error TS1128: Declaration or statement expected.
-node verify_user.ts(254,19): error TS1128: Declaration or statement expected.
-node verify_user.ts(254,22): error TS1128: Declaration or statement expected.
-node verify_user.ts(254,25): error TS1128: Declaration or statement expected.
-node verify_user.ts(254,28): error TS1128: Declaration or statement expected.
-node verify_user.ts(254,31): error TS1128: Declaration or statement expected.
-node verify_user.ts(254,41): error TS1005: ';' expected.
-node verify_user.ts(254,45): error TS1434: Unexpected keyword or identifier.
-node verify_user.ts(254,54): error TS1434: Unexpected keyword or identifier.
-node verify_user.ts(254,63): error TS1434: Unexpected keyword or identifier.
-node verify_user.ts(255,12): error TS1005: ';' expected.
-node verify_user.ts(255,15): error TS1128: Declaration or statement expected.
-node verify_user.ts(255,18): error TS1128: Declaration or statement expected.
-node verify_user.ts(255,21): error TS1128: Declaration or statement expected.
-node verify_user.ts(255,24): error TS1128: Declaration or statement expected.
-node verify_user.ts(255,27): error TS1128: Declaration or statement expected.
-node verify_user.ts(255,30): error TS1128: Declaration or statement expected.
-node verify_user.ts(255,33): error TS1128: Declaration or statement expected.
-node verify_user.ts(255,41): error TS1005: ';' expected.
-node verify_user.ts(255,45): error TS1434: Unexpected keyword or identifier.
-node verify_user.ts(255,54): error TS1434: Unexpected keyword or identifier.
-node verify_user.ts(255,59): error TS1434: Unexpected keyword or identifier.
-node verify_user.ts(256,6): error TS1005: ';' expected.
-node verify_user.ts(256,9): error TS1128: Declaration or statement expected.
-node verify_user.ts(256,12): error TS1128: Declaration or statement expected.
-node verify_user.ts(256,15): error TS1128: Declaration or statement expected.
-node verify_user.ts(256,18): error TS1128: Declaration or statement expected.
-node verify_user.ts(256,21): error TS1128: Declaration or statement expected.
-node verify_user.ts(256,24): error TS1128: Declaration or statement expected.
-node verify_user.ts(256,27): error TS1128: Declaration or statement expected.
-node verify_user.ts(256,30): error TS1128: Declaration or statement expected.
-node verify_user.ts(256,33): error TS1128: Declaration or statement expected.
-node verify_user.ts(256,36): error TS1128: Declaration or statement expected.
-node verify_user.ts(256,39): error TS1128: Declaration or statement expected.
-node verify_user.ts(256,42): error TS1128: Declaration or statement expected.
-node verify_user.ts(256,43): error TS1128: Declaration or statement expected.
-node verify_user.ts(256,45): error TS1434: Unexpected keyword or identifier.
-node verify_user.ts(257,12): error TS1005: ';' expected.
-node verify_user.ts(257,15): error TS1128: Declaration or statement expected.
-node verify_user.ts(257,18): error TS1128: Declaration or statement expected.
-node verify_user.ts(257,21): error TS1128: Declaration or statement expected.
-node verify_user.ts(257,24): error TS1128: Declaration or statement expected.
-node verify_user.ts(257,27): error TS1128: Declaration or statement expected.
-node verify_user.ts(257,30): error TS1128: Declaration or statement expected.
-node verify_user.ts(257,33): error TS1128: Declaration or statement expected.
-node verify_user.ts(257,45): error TS1005: ';' expected.
-node verify_user.ts(257,73): error TS1005: ';' expected.
-node verify_user.ts(258,9): error TS1005: ';' expected.
-node verify_user.ts(258,12): error TS1128: Declaration or statement expected.
-node verify_user.ts(258,15): error TS1128: Declaration or statement expected.
-node verify_user.ts(258,18): error TS1128: Declaration or statement expected.
-node verify_user.ts(258,21): error TS1128: Declaration or statement expected.
-node verify_user.ts(258,24): error TS1128: Declaration or statement expected.
-node verify_user.ts(258,27): error TS1128: Declaration or statement expected.
-node verify_user.ts(258,30): error TS1128: Declaration or statement expected.
-node verify_user.ts(258,33): error TS1128: Declaration or statement expected.
-node verify_user.ts(258,36): error TS1128: Declaration or statement expected.
-node verify_user.ts(258,39): error TS1128: Declaration or statement expected.
-node verify_user.ts(258,42): error TS1128: Declaration or statement expected.
-node verify_user.ts(258,43): error TS1128: Declaration or statement expected.
-node verify_user.ts(258,45): error TS1434: Unexpected keyword or identifier.
-node verify_user.ts(258,69): error TS1005: ';' expected.
-node verify_user.ts(258,73): error TS1003: Identifier expected.
-node verify_user.ts(259,1): error TS1005: '}' expected.
